/home/stuart/coqui/kw2.aug/GfVZ9DAJNRcgspYYJ7d4CnRr6ZBH4WkPRqciKHoPcm3C6567-cbn-1-spd-t.wav,0.008565127
/home/stuart/coqui/kw2.aug/iNQ4sfsNuFULx7fpbSp8DQZ54TMoS4aUFyUJmbSafo5x18133-cbn-1-tem.wav,0.012955613
/home/stuart/coqui/kw2.aug/H5Y4EKFcBKATUtu4VNKEMA5J5m5XfVkec75DoCvMN9LM17110-cbn-1-tem-t-b.wav,0.025179485
/home/stuart/coqui/kw2.aug/UxRBENuMurAzESVese7wXaaUCQQSSfwBLdTsvcT3a7kU6117-cbn-2-pit-t.wav,0.04830763
/home/stuart/coqui/kw2.aug/3ejFWxZp7yoJRCu2hnrfBqFbseTnDce6SjjKLWAPStUk18371-cbn-1-tem-t-b.wav,0.15741733
/home/stuart/coqui/kw2.aug/QzyvuzgvK5NuLTQqk5zCoYegryA89bvu5TGYbStFLFWk6397-cbn-1-pit-t-b.wav,0.19117704
/home/stuart/coqui/kw2.aug/aQMKqyUpy2mUWbK69xU8a9A7huVeUbzBqV8U7EUGH9JA1322-cbn-1-pit.wav,0.27898204
/home/stuart/coqui/kw2.aug/HRWECcG7WrMxHUx8QgnJb8ND5W8yNNBtL8H4ydWPcM7f2431-cbn-1-tem-t.wav,0.31297535
/home/stuart/coqui/kw2.aug/RkyZ9EKEU4d4MwiEyoK4RM3iuithZoaRSarckPmPmgZ87874-cbn-2-spd-t-b.wav,0.3712386
/home/stuart/coqui/kw2.aug/eVohWoyZ7ui6nmCLaR7Jb9AQPZvep42738t464ZrGmPd8160-cbn-2-tem.wav,0.4123933
/home/stuart/coqui/kw2.aug/fSJnGHUeDzWLRVQBbF9gYVXUZZxkkQM778DVivGEs9vE212-cbn-1-tem-t.wav,0.51217294
/home/stuart/coqui/kw2.aug/2KwBUs4wzJGKqQpg5ai6eSGT6d365AuGR2WseHmW49n63323-cbn-1-tem-b.wav,0.52387124
/home/stuart/coqui/kw2.aug/JqscqkGC3QYYY6CjgQQF9vL6HHKwsvpZJfVWCYWzpcQ410523-cbn-1-pit-t-b.wav,0.55028987
/home/stuart/coqui/kw2.aug/jVAQyndj73eDSgpZ9eCAk8YQh4veZBHfPQCd4YZj4VW46276-cbn-1-tem-t.wav,0.5782646
/home/stuart/coqui/kw2.aug/agFETRHoqu422PCYj4dL2adWjp5sUhiZT934a9U3XCQD2425-cbn-1-tem-b.wav,0.5828372
/home/stuart/coqui/kw2.aug/E66PTRif3FKWZyPQXaQJDR4cUEyyRK6ogxK2K5uXXS3w6681-cbn-2-spd.wav,0.60925484
/home/stuart/coqui/kw2.aug/YV8QyhEgoRwixwCdQx3C4YgHqh9giej5d4uhWqWDcjyA6329-cbn-2-tem-b.wav,0.6296132
/home/stuart/coqui/kw2.aug/R67oymWckFWYrsnKM2ucXvbQrKouBo4W4imAzdweSBtu8911-cbn-1-tem-t.wav,0.6339506
/home/stuart/coqui/kw2.aug/EbiSiJZMuzgJDJTSk8rVBUAwZRCNf6u7GGkFjds6c4nT11412-cbn-1-pit-t-b.wav,0.64793915
/home/stuart/coqui/kw2.aug/HmXeQ53rxHrGhxbL5WUovgWoApfGgwBLVJnzrHjXCU6p13773-cbn-3-tem-t-b.wav,0.6581696
/home/stuart/coqui/kw2.aug/Uw2cG2UZiYUfaksXvb9bRA8z36riB2iq2qEPYmsmUVcn9148-cbn-1-tem-b.wav,0.6850309
/home/stuart/coqui/kw2.aug/SH3egGV22WKksxhUes42KthbMYihYYGAZwsZJWJwLx6V2524-cbn-2-pit-t-b.wav,0.6878058
/home/stuart/coqui/kw2.aug/csU6jrN4FuFEUEfAHJUhAkF3JZksR5GSHkY8hCz9cShU2168-cbn-1-pit-t.wav,0.7033312
/home/stuart/coqui/kw2.aug/ZZ579dvajMMveusso2SAzzNbg6cpM3QgFk5bzwxykyMb19914-cbn-1-pit-t.wav,0.70656806
/home/stuart/coqui/kw2.aug/9LoF5kFJ2MgokrXBaFYndxmHwGmr5TAGhyJPTGZ7NzQU915-cbn-1-pit-t-b.wav,0.72352064
/home/stuart/coqui/kw2.aug/3ztDaqTWLDDVyFYAytK2pMX7X9iRsFAZ4gALdQWXjh3z8623-cbn-1-spd-t-b.wav,0.7409855
/home/stuart/coqui/kw2.aug/VcVAWXnAd4PDw48A6ZR37f6RWRyFWHYxxj6uTTd87xvD20863-cbn-3-pit.wav,0.76760054
/home/stuart/coqui/kw2.aug/h5THjwJJLw2KMfBbtCAe83g68X9Z5QXf6k2ZMHhSrVZE14331-cbn-1-spd-t-b.wav,0.7743722
/home/stuart/coqui/kw2.aug/65hWubXRVjaRMrfnDgFScq2sV7eNW8tc8b3YUgFmRsmv5139-cbn-1-pit.wav,0.77559847
/home/stuart/coqui/kw2.aug/dyQVT5YpHTgxQcsB7GXyfwVJcbDdN2gptzGHjnHBBzVa13832-cbn-2-tem-t-b.wav,0.78417164
/home/stuart/coqui/kw2.aug/BkVwvQfmaemRTdAP6JjvCPEEDYuN4CGBiwjeY3kERVL714783-cbn-2-tem.wav,0.7949453
/home/stuart/coqui/kw2.aug/HiZGsRahAzqWWhewL6PrXjSzqgvCBtxExF6FissKTeLf12507-cbn-2-pit-t.wav,0.80588263
/home/stuart/coqui/kw2.aug/ZiNTToU4pgdPHZwbRaatCLe8VkSKTwnjso9vtvemfoL8324-cbn-1-spd-t.wav,0.80778855
/home/stuart/coqui/kw2.aug/Ln2xenikgN2Yuj3Ub52dfaUcxtYnVzCJBDGuK9LBSrFx9251-cbn-1-pit-t.wav,0.81493545
/home/stuart/coqui/kw2.aug/CtQJyjTiBxDhm9rXF62FUf7ZwMoMNwiqhZWmkDDLhQ2Z13037-cbn-3-spd.wav,0.8204614
/home/stuart/coqui/kw2.aug/Fa6LoPn2HTUfiJgLSPjyA2ivyoHxww8X6F64uXH2FGQz3209-cbn-1-spd-t-b.wav,0.82131743
/home/stuart/coqui/kw2.aug/M6jX3tRSy2oLySwCXhYMn5T98p4bzzrCyiNrYeRJ2ccE11457-cbn-1-spd-t.wav,0.82306796
/home/stuart/coqui/kw2.aug/b6NJWUKQ9vHE2xJhgiZjYgaavf6v55WhjhnohXhQe8v620136-cbn-1-tem-b.wav,0.8234013
/home/stuart/coqui/kw2.aug/jsYwS3geikwgidSPJ9qhoWc2doBkqZLkKQQrJHcs82Jm3277-cbn-3-pit.wav,0.823982
/home/stuart/coqui/kw2.aug/JLayLuSSqszCZYa9AaaYrpC64Z8b7JRzcgmr4GFcDLbb20913-cbn-2-pit-b.wav,0.8245297
/home/stuart/coqui/kw2.aug/gw9gFwYLFKLj7oYFrMupBHVAMJm3YhCNUbNxPqLEVxEQ15589-cbn-2-pit-b.wav,0.828306
/home/stuart/coqui/kw2.aug/CVmaKW4uhD9edds7n7Sc8AfAK7HrEExZepeMA5apAYWf16119-cbn-1-spd-t-b.wav,0.83422387
/home/stuart/coqui/kw2.aug/8mzwgLqu8G7MZuavp7jSJedEiKHeKSv7RuFCa5XnXC984204-cbn-2-spd-b.wav,0.83484775
/home/stuart/coqui/kw2.aug/YQ7x5TFmZwn2avncK5y2jTfXLoxxtJmWi5hf2Lem8sJS2437-cbn-1-tem-t.wav,0.852305
/home/stuart/coqui/kw2.aug/QyZCydWpjXGSDxTrdVTWXFGPjiVohvuNfiuB3mgq95U74345-cbn-1-pit-t.wav,0.85403407
/home/stuart/coqui/kw2.aug/K79zTFvRjpnb3SxPDE6kWGPcxfDPq8kJcYTAG6vj5c2V11279-cbn-1-tem-t.wav,0.86955
/home/stuart/coqui/kw2.aug/mw4NiGXBZRDUdEPZRVLKjvKJfn59Hx5GJUsfucoFQY4x11428-cbn-3-tem-t.wav,0.8717067
/home/stuart/coqui/kw2.aug/UKqWq5P8jnytxDVejoa2VxZ2p39xLLZsL7DsZK5cTDcf12113-cbn-3-tem-t.wav,0.8718602
/home/stuart/coqui/kw2.aug/Q7xXstkSzhrPBG8R4XSjWoAMTkHNGHaKJTENGKcTXPZW556-cbn-3-pit.wav,0.8726754
/home/stuart/coqui/kw2.aug/fZswSfWrZeh4nkreG3CezxAGkyW9XL4rTfikX9mVh48L14569-cbn-2-spd.wav,0.87588817
/home/stuart/coqui/kw2.aug/hLEZaSSuCvFhis3Q4K96UCex5BZnMjjCGNf9iJhdHBtu14740-cbn-3-pit-t.wav,0.88061017
/home/stuart/coqui/kw2.aug/WcxRzritvMxigw8yaUbHbWi7xmnfectss2EFprceHc7814338-cbn-2-spd-b.wav,0.8871648
/home/stuart/coqui/kw2.aug/QqZbp3S2FZf8RyyAEEeRS225LvL2cTbc54usMWxB5bWq7509-cbn-1-tem-t-b.wav,0.8878546
/home/stuart/coqui/kw2.aug/BUW7RqjbvBCz5qjGVr6UXuWLpqw7seFbM7CquaPjr49n20319-cbn-3-tem.wav,0.88997
/home/stuart/coqui/kw2.aug/PWUZ4wgMMcWpXtvX4yxMkpm2cgBEomp864um6aFDaiy515759-cbn-3-tem-t.wav,0.8926868
/home/stuart/coqui/kw2.aug/WHJTQ8HTG3oDrkSPy7AqGkCEVbBxFYFZyndzArwjjFsH19981-cbn-1-tem-t.wav,0.892939
/home/stuart/coqui/kw2.aug/QXq3QUfk2r8RoFXgkJzEVC4FgLvJJTsgDZfaLGDF2cnK9902-cbn-2-tem-t.wav,0.9038666
/home/stuart/coqui/kw2.aug/NQVG2ZKJhtWTiQRA6Fi5uRGw8m5TACMgoGwD5wAeNgk213039-cbn-2-tem.wav,0.905405
/home/stuart/coqui/kw2.aug/MQUPa83TN6cvziP6nwn3SwJHEbqeVRHU3mb5raB3HvuR9049-cbn-2-tem-b.wav,0.90667963
/home/stuart/coqui/kw2.aug/3eXjb8cKz4EMJzMMQhPntJAxprZzdZeU7xW4R9DA39Z6700-cbn-2-tem-b.wav,0.90879136
/home/stuart/coqui/kw2.aug/WqQyQhzKDwsJzurCg8Wm3o4n7U5fEnmC7RVjjRWV8bDx15457-cbn-1-spd-t.wav,0.9123838
/home/stuart/coqui/kw2.aug/CcCXKPPUqCczg9urFRFeYMH6xNS2ZUxXiBeYxWsW7RdF15243-cbn-2-pit-t-b.wav,0.91612816
/home/stuart/coqui/kw2.aug/4aMNH3gcBbqyGDmYfyTwQJ99LyrFynoeSpi2FYBx34pm2281-cbn-1-pit-b.wav,0.91671854
/home/stuart/coqui/kw2.aug/eQfaYD2Mohtb257E8rbG78fhiaCTtE8uwEPV4JA3EoFd2089-cbn-1-tem-b.wav,0.92165613
/home/stuart/coqui/kw2.aug/hWrEjMoA5mar4US52WdLSsHpZuxtGYxECkbc4DSvJD9t2243-cbn-2-spd-t.wav,0.9229473
/home/stuart/coqui/kw2.aug/g4MXbo3K8E9LTzFSYR8xGsi99ybtArE6Yw2FCRhDxZmp14801-cbn-1-tem-b.wav,0.92435634
/home/stuart/coqui/kw2.aug/bDamXWWQ6G477PyjxXzCwRen9QhjVowuuMfGRwXu9JjX1603-cbn-1-pit-t-b.wav,0.92481863
/home/stuart/coqui/kw2.aug/fLKTu4k2ZwWtmetsmwTTkGHpZuxtGYxECkbc4DSvJD9t2243-cbn-3-spd-t-b.wav,0.9259858
/home/stuart/coqui/kw2.aug/ZidJZVR9DXYphkXi6GKEqT6k3P2N3BEMCLySQuTrFYsY16942-cbn-2-pit.wav,0.92676276
/home/stuart/coqui/kw2.aug/5htJxDHATzqgPW2P8wUnRqcf4nhzTMM5T9jQXnv4k9Ho12825-cbn-3-pit.wav,0.9271636
/home/stuart/coqui/kw2.aug/D3PUs6gQA7pRM3ypR95MxiUSwiMfrfDtRuPWoDg3V2uu9685-cbn-1-tem-b.wav,0.9298234
/home/stuart/coqui/kw2.aug/5DRxKoBCu5Jx4zNx87TF5LX7LMwfeLcJ7VStsBW7NbyK15968-cbn-3-spd-t-b.wav,0.9307283
/home/stuart/coqui/kw2.aug/VGZu8fMgH2gLHDNXi6zTGB6RWRyFWHYxxj6uTTd87xvD20863-cbn-2-spd-t.wav,0.9328954
/home/stuart/coqui/kw2.aug/XXQyU8HNEXi4JC8rCmi2ui7unUpo2SxECcLNbfpGub2W20639-cbn-3-pit-t.wav,0.93395925
/home/stuart/coqui/kw2.aug/kKgnbC4iS6aEicB72Cna4w9skHm9EdJxL5z47RsGD6Q22206-cbn-3-spd-t.wav,0.936776
/home/stuart/coqui/kw2.aug/BBVjFKdZg4DuSjhi2NwigxGR6zzDbh3QaezYFdhQ2cCk13828-cbn-2-tem.wav,0.93736815
/home/stuart/coqui/kw2.aug/eYwUp2wxDKFmEd5HmeRku4PHmmfndeSxZHukA8HpD9Zx9484-cbn-3-pit-t-b.wav,0.93837667
/home/stuart/coqui/kw2.aug/YR4CGCoVAwHGddSsBGhLrUfTT4634qTXhFgb6PrhfHiq13426-cbn-3-spd-t.wav,0.93867964
/home/stuart/coqui/kw2.aug/hQpuvfEyemdQ7ZmAHr4AAXS7gE3kHxs4cwdoSK5KBaym8182-cbn-1-spd-t.wav,0.93881595
/home/stuart/coqui/kw2.aug/gif4MAcWmanADZyaRYhoffPJWg3gwbZCikC8hmHSnvgD3049-cbn-3-spd-t-b.wav,0.93916154
/home/stuart/coqui/kw2.aug/8yDMiBrzX4TFSwSnKscFSJFbseTnDce6SjjKLWAPStUk18371-cbn-3-pit-t.wav,0.9395318
/home/stuart/coqui/kw2.aug/NVbdMhz3khAMpwEdZ3gXbSgo7EybdeQ7Ph6aoJBtu7Mo17172-cbn-1-spd-t-b.wav,0.9402477
/home/stuart/coqui/kw2.aug/cHGSSAukcTi7ABZZkNTgZAa3Sw4zb9McTa6srKcZBcfW3930-cbn-3-pit-b.wav,0.9411434
/home/stuart/coqui/kw2.aug/R7k6BF8u3x2NBwNtTaN9QeKiuzSUW8LkgNjKv77kAPbe1546-cbn-2-spd-b.wav,0.94147384
/home/stuart/coqui/kw2.aug/2EJNBJ4ZjA9yyUAKiPy48Ziqc346zxqRuLMXqxzoNe2U16946-cbn-1-spd-t.wav,0.9434353
/home/stuart/coqui/kw2.aug/CwpSG3koaab2wPDjHNm6TcQwBkRUpDDaxCsQuGHkJzXA15877-cbn-2-pit-t.wav,0.94466263
/home/stuart/coqui/kw2.aug/o6DuesGUD8Su4S43tAV6L4ZiGaWzJMD5zHvbo6Hx7H8N12689-cbn-1-spd-b.wav,0.9447271
/home/stuart/coqui/kw2.aug/NRLke2WJPgdkpLkponXb9UGGTndCYcSLKwiVv3RYnofh10662-cbn-2-spd-t-b.wav,0.94529253
/home/stuart/coqui/kw2.aug/nYJUvTKvDkWzh4uPyskE67C2rBYUq9SRKzv3JDKvHF4d2356-cbn-3-tem-b.wav,0.9457961
/home/stuart/coqui/kw2.aug/MMfk9vd48TVdC6cxNLxjwTE7rfmba4Nc4Dr4c48nMFJj9446-cbn-3-tem-t.wav,0.9494569
/home/stuart/coqui/kw2.aug/ZyUdH3e5yMDopEepxahaJBjhUgNZQvP57Mb4dpzs5HHe321-cbn-2-pit-t.wav,0.9512741
/home/stuart/coqui/kw2.aug/7USG5nxjvfsU5ZbyqjvutN6WMrRS36EAV5mqggZBMkqB12131-cbn-1-spd-t.wav,0.95189285
/home/stuart/coqui/kw2.aug/ZXvnFZUJoaAaosV4NZjABM5w72NvnAKJgh9uDHaZBpif20480-cbn-2-pit-b.wav,0.9526131
/home/stuart/coqui/kw2.aug/kiGR3nZvvkFGv5ZH2aeaZ4LGZgeWSwwBsNvGpSMxgHV48781-cbn-2-pit-t-b.wav,0.95296276
/home/stuart/coqui/kw2.aug/izDDgqAjxGhGtgkXNqib6omT7QwU6W9nGPznhiXyX3Uy18299-cbn-3-tem-t.wav,0.95349175
/home/stuart/coqui/kw2.aug/6yNck9ddWTHRCrMjgtgAr2U6HedvxbTEdmYhfL4sutnp7077-cbn-1-pit-b.wav,0.9546992
/home/stuart/coqui/kw2.aug/WboiM2kW5y6vYEp86xRmrEhnKQJroKmx4oCxz8mbacBc14691-cbn-2-spd-t.wav,0.9550165
/home/stuart/coqui/kw2.aug/2KSJbZsa5vFHf5Ki7imWFSZRnPNwBNvq9emFEfVVAXJY11477-cbn-3-pit-b.wav,0.95521224
/home/stuart/coqui/kw2.aug/o6J3Az6GbgyKmyZoBcjwgm9do82Stwj9wyioqnoFKQL61661-cbn-3-tem.wav,0.9552401
/home/stuart/coqui/kw2.aug/epLsJGTDsuEosMPexhTaNvRe6mScRTFWNxPUrMWxixmP18129-cbn-2-tem.wav,0.9562639
/home/stuart/coqui/kw2.aug/6iHJ3Lg7vUpfwKPv7SmNpm3c9kExHJJgZhPBqQuXSivT15379-cbn-2-spd-t-b.wav,0.9564149
/home/stuart/coqui/kw2.aug/BSvFf22vc9c6aHcf4sdT35AwZRCNf6u7GGkFjds6c4nT11412-cbn-3-spd.wav,0.9566785
/home/stuart/coqui/kw2.aug/dGh4U2t9ca2KZwae26gier2wjZFWpM4d7gcN9s6UYWzc20829-cbn-1-pit-t.wav,0.956904
/home/stuart/coqui/kw2.aug/UGGdhVRojUCGywoxdi8VANP3FwjobxiRZQeUiXWEN2GG18442-cbn-1-pit-t.wav,0.95716494
/home/stuart/coqui/kw2.aug/ZGMgTtUJ6qq4qgUnioJqeDjdC4ViovGPYyuAjvUrQwqE1852-cbn-3-tem-t-b.wav,0.95759755
/home/stuart/coqui/kw2.aug/59jT6nA6Xin3iVeGWuXXDJf49NBFuJoVy3JAz6mBH6TV20422-cbn-1-spd-b.wav,0.9578286
/home/stuart/coqui/kw2.aug/ZfDixyteoDvBuAmxJRmWH6XRYn63eMEEgJJdfsUGGfFt6089-cbn-3-tem-t.wav,0.9588961
/home/stuart/coqui/kw2.aug/Ni2ksssk7MdJkt87NABhxsBCMxf9okiZv4PjkkSMK5TM14970-cbn-2-pit-t.wav,0.9603769
/home/stuart/coqui/kw2.aug/Y7yTqPNgRz6BGmWBrnkoos2KpmQiMCmsbqFbZqD2EBem7856-cbn-2-tem-t.wav,0.9610729
/home/stuart/coqui/kw2.aug/ApWDQGoQo7tVYLbRTSL6KKZ2p39xLLZsL7DsZK5cTDcf12113-cbn-1-tem-t-b.wav,0.9612253
/home/stuart/coqui/kw2.aug/QDh94sDk4pqHSFxjB6yMsTjf9WndZvaP4CtvRUTaKxvB18281-cbn-1-pit.wav,0.96135515
/home/stuart/coqui/kw2.aug/kYK2DJQ5B8j69NGHvbURqWVTcTYvmvPCQ9fWeDE8MGgm20432-cbn-1-pit-t.wav,0.9620845
/home/stuart/coqui/kw2.aug/4PXAt5dey9fuQcw8oahmAUkntUFnZyVdxhvHFNWVgGn910480-cbn-3-tem-t-b.wav,0.96269596
/home/stuart/coqui/kw2.aug/A4k5cFLeUme3T96PyJvPmQnqs9gJeGtFSApDAqzahkcw20894-cbn-3-tem.wav,0.9631993
/home/stuart/coqui/kw2.aug/AMBJkHFdzfUj6zAKbTNmov8JWhcC5W6y7cZRUBXd2pZB8400-cbn-2-tem-t-b.wav,0.9634383
/home/stuart/coqui/kw2.aug/DgXCd9DtAWL9FLdbnhcNfA372oztc2SnpMNp2hNyTacQ6627-cbn-3-pit.wav,0.9639399
/home/stuart/coqui/kw2.aug/ScUkkxpFowNM5UbW8xRFYF3xs6VqZKHNLwkxyB5LsCPZ6358-cbn-3-tem-t-b.wav,0.9648353
/home/stuart/coqui/kw2.aug/ZDZLadCxk6sv4rHhHbsT8KiCPE6itdAnqsXbKcL6a5K55694-cbn-3-pit-t.wav,0.9651328
/home/stuart/coqui/kw2.aug/TnKR7zw2LdvKMjfiE3SabxaUCQQSSfwBLdTsvcT3a7kU6117-cbn-1-tem-b.wav,0.96566767
/home/stuart/coqui/kw2.aug/55rQYSfnZRkNgnn4hRCfZS5uxZSCuENEYYiBFBWHeBs919313-cbn-2-tem-t-b.wav,0.9656731
/home/stuart/coqui/kw2.aug/6Fza78BKtBR57PZBpwJdrj9SxmYz69MsQpU3VkpPw7Fk2327-cbn-2-spd-t.wav,0.96576023
/home/stuart/coqui/kw2.aug/D64s4YzBJP8gvyoTEjGgAA89ew3ABzPe2uoKwdVp3rkb13820-cbn-1-tem-t-b.wav,0.96720636
/home/stuart/coqui/kw2.aug/PwozppLsVzgBsKyPHnd44LoV4LqFxHPC978A3eMQRzB813824-cbn-3-pit-t-b.wav,0.9675583
/home/stuart/coqui/kw2.aug/KmoqsXHPc3tr5rSotgZZCNc9ZBbKZPjCojnqJCvjJoq513648-cbn-2-tem.wav,0.96769977
/home/stuart/coqui/kw2.aug/XkFdp4fwH3mwDkXvEG4MkVd6K8xsY65Pu3hwAesmoZvs20452-cbn-2-tem-t-b.wav,0.9681464
/home/stuart/coqui/kw2.aug/DMrmsZ9BNGFtUCCiLe2iNMFYnVJRLvSGqeVzFKghkywU18389-cbn-2-tem-b.wav,0.96835303
/home/stuart/coqui/kw2.aug/FVqt2Z7DubGhKTUEya9PF3PB5DDRyRaT6L2kPCSjBHKp14730-cbn-2-tem-t-b.wav,0.96861804
/home/stuart/coqui/kw2.aug/ToVhSWqfRJhPoS866cvvBKhLUVV36XwLj8LcYKBN2Ygy1006-cbn-1-tem-b.wav,0.96869576
/home/stuart/coqui/kw2.aug/FqL9vHNzGrxF7WCSvFu8uFLeutfzFBhdDESqHqqUpqNR15163-cbn-3-pit.wav,0.96880877
/home/stuart/coqui/kw2.aug/jhetdHCxuhhQYHPV8VopRoTFCm8GRzwwXYw7gXNFytys7625-cbn-1-tem-b.wav,0.9688997
/home/stuart/coqui/kw2.aug/3tTHi56T3AEafzAesUqQewAhaP9pohBMHf53Pph2ZaTo1688-cbn-1-tem.wav,0.9701947
/home/stuart/coqui/kw2.aug/FJQBPfiJbNmCBP8wXTwsLbbeaB6U3HWjgjqkjzrVLvs56127-cbn-3-pit-t-b.wav,0.9703204
/home/stuart/coqui/kw2.aug/4KcvYZzQpPD75Gj7rt2NibN4AYXmAqpsSCRBsfzo2bhX10670-cbn-3-tem-t-b.wav,0.9706233
/home/stuart/coqui/kw2.aug/SPStJbogBzC5QeoEuHbvj4CvQBS6egbfGH4Fyzfwwpoz4458-cbn-3-tem.wav,0.97077876
/home/stuart/coqui/kw2.aug/5GS9mhnDRwn3djAe78qAiNRPTH2NgvPyskfSxcTL7Gcs14271-cbn-3-tem-t-b.wav,0.9709001
/home/stuart/coqui/kw2.aug/5PEuwa3T63dSX3HwikAsMxagjWvFCsdRvLiFFpkvkMs512862-cbn-2-spd.wav,0.9710292
/home/stuart/coqui/kw2.aug/gaALFXrMNoLotccMeswjtaXiofPrvcTSkhmGd83V9TmD2737-cbn-2-spd.wav,0.97140616
/home/stuart/coqui/kw2.aug/ABjCV9vEvPRChXDBuKXf2edntRhjWrtDLdvNnjP4wh3X13876-cbn-1-tem-t.wav,0.97144866
/home/stuart/coqui/kw2.aug/HPr23PuKZDGakTrSZ3v4maJB54jKrX8Z3HV22VYo9WNz19488-cbn-3-spd-t-b.wav,0.9715658
/home/stuart/coqui/kw2.aug/7o5SZNbJUyakEyBwyZKQcxF7hJpK8jRycsfiY6n4zmSE8042-cbn-1-tem.wav,0.97157776
/home/stuart/coqui/kw2.aug/ndCxyRgXUXTnk9pCAFttDLTrufNCoxdq3p7RUkxdGiqd15596-cbn-1-pit-b.wav,0.9720191
/home/stuart/coqui/kw2.aug/Jn3YsKv2T3NXSJVDSZWiDea2KdvT4mcvBQYEMCZVPVtc19929-cbn-3-pit-t.wav,0.9725664
/home/stuart/coqui/kw2.aug/YoxstMqZbUccwCpwgx6STJdktpYvFuBrQXd9iXgUnPou12895-cbn-3-tem-t.wav,0.9725867
/home/stuart/coqui/kw2.aug/aiUW9cG5P3dppwUmW7XmVH3grTkVjbGiaEGQJ7Bn3gir11072-cbn-2-pit.wav,0.97270525
/home/stuart/coqui/kw2.aug/oXEE6nH63R8mpqWmg9jpiT5bahQ232HTQR5UsDviff7X9921-cbn-3-pit-t.wav,0.9734364
/home/stuart/coqui/kw2.aug/ghvgwbaHjJvCXB6pGEYUmuRLzWuH9RMQXYc4aD8dMiGX610-cbn-2-pit-t.wav,0.97378564
/home/stuart/coqui/kw2.aug/LdNNbeNaqreWPEypqqY9CGGMgdz2XXQnFFGZYEk4M4JY2576-cbn-2-spd-t-b.wav,0.97438294
/home/stuart/coqui/kw2.aug/kckWD79Hq2j39VFYf3osRVbtuPKuhcboMowk7K29crd819979-cbn-1-spd.wav,0.9747771
/home/stuart/coqui/kw2.aug/QHFVhr2LNc2ukForWLDCdpfBW62WnSxnFgTnmvhLjLL84135-cbn-3-tem.wav,0.9752501
/home/stuart/coqui/kw2.aug/S28nsdqdhbU667Je8NSuqoVpwF39L2mCj7TEpugLb5yB8878-cbn-1-pit-t.wav,0.97539073
/home/stuart/coqui/kw2.aug/AowJETC3ceuVQtyuceW67LKsQcwm73vzU2jLtZyj9Hqj6933-cbn-3-tem-t-b.wav,0.9760499
/home/stuart/coqui/kw2.aug/iU9v4isQtbW8t3TrTBLjoseLJohcneBJF9ueeHGyN8ko16033-cbn-1-pit-t.wav,0.9764374
/home/stuart/coqui/kw2.aug/aHFuNNfimXvT66iEG6EMGVYZBBpoQta7dEByAr833Yqv14336-cbn-3-tem.wav,0.97647256
/home/stuart/coqui/kw2.aug/WuhgLw8Q46zJSoV4mNf85B3gmdKNm88fPi6QBEbt6Fz412802-cbn-3-tem-t.wav,0.9765603
/home/stuart/coqui/kw2.aug/kNPJZANwzQjA8kaT7U7swvT6vXmZLjgvb49AULTfWWKR12849-cbn-1-tem.wav,0.97736585
/home/stuart/coqui/kw2.aug/FktRLZFfytLhRbrfyzG4VwdxhmRpt8cXUVbnM5YJywZF8619-cbn-2-tem-t-b.wav,0.9774056
/home/stuart/coqui/kw2.aug/QniWGu4P2zQe4eWmDUUPU9XiofPrvcTSkhmGd83V9TmD2737-cbn-3-pit-t.wav,0.9774909
/home/stuart/coqui/kw2.aug/fguYSLE6aJuYKehNdZxnqc5F8wjS84nSTyTHfJaYPAWp6652-cbn-1-tem-b.wav,0.97788686
/home/stuart/coqui/kw2.aug/bXkp9vgzEsYCnShoDK59nhcRbopsuVrGas3MwgUdgrZG9528-cbn-3-pit.wav,0.978585
/home/stuart/coqui/kw2.aug/Phye4yEaKcB3RLQvmz6Lu2KNQLSs4sceSE8aYEf9rsAL16473-cbn-3-tem-t-b.wav,0.9792108
/home/stuart/coqui/kw2.aug/LRwLzYjZJYr88WxPHSgNmW9nAUgEZBFUnobGYU8CzHtr12798-cbn-3-tem-t.wav,0.9795394
/home/stuart/coqui/kw2.aug/fTxR5AMo3kzMX8WaFYtt4c6sojNZ2VtroQXUokfqqQtk9791-cbn-3-pit-b.wav,0.9796243
/home/stuart/coqui/kw2.aug/BGPEmWfjUTE83n8moMeBctfTcPytdU26utsxtL3xAyKy15093-cbn-3-pit-t-b.wav,0.9796872
/home/stuart/coqui/kw2.aug/AjLvED2ELZ28MWoCA5VtskBf2VCQFep3DpUBoFtMD7Nn16252-cbn-2-tem-b.wav,0.98009765
/home/stuart/coqui/kw2.aug/2PqXP8YGF7QY2Jj9cWjWri3mp2DQacMTM9ZUzgef4Mbc13385-cbn-1-tem-t-b.wav,0.98009926
/home/stuart/coqui/kw2.aug/7XoqKeky6iyqrUJdg3FREDJ6mWgQvutxm3GNN7MHnJmc7866-cbn-2-tem-b.wav,0.9802956
/home/stuart/coqui/kw2.aug/7KE8dhoVvu8F6yMnsZfJSA8jBbR7cpLRvPdmPq43ahmE1777-cbn-2-spd-b.wav,0.98033214
/home/stuart/coqui/kw2.aug/PZXxvEmkXZorwcmxkj9VZVBURjULpnczELee8r2uG6zN18375-cbn-2-tem-b.wav,0.98050255
/home/stuart/coqui/kw2.aug/WzqAGUcRi4HwtKk58Vsqg3g9ZAUF7mxfMaC4wrELYhJA2350-cbn-2-pit.wav,0.98083913
/home/stuart/coqui/kw2.aug/Frg5VajWpw8vLYqJeCU9iSPJWg3gwbZCikC8hmHSnvgD3049-cbn-1-pit-b.wav,0.98098123
/home/stuart/coqui/kw2.aug/ZomFDy9FnebvGytUTm3VtBo3og4uPSmivW3Da2hhQr4E20815-cbn-1-tem-t-b.wav,0.9810245
/home/stuart/coqui/kw2.aug/ZBeTAKtiztv3op6EAhvzBXfnM3PUyZbJn7fHWHAwd6bH13633-cbn-2-pit-b.wav,0.9810844
/home/stuart/coqui/kw2.aug/mDqcyNPdUVTnBkd8KnQSz4DSdH7b3orz3JdjXKUFMaBL20327-cbn-3-tem-t.wav,0.9811297
/home/stuart/coqui/kw2.aug/FNAxkGt6D9Hmk9fdvPpyEbmoJbJ6rZ3py9e7LiEBtHYD5698-cbn-3-spd-t.wav,0.9814123
/home/stuart/coqui/kw2.aug/KrxohFdBTXuHLFtVHBM8CrikXYzQkb4uif5tVckXcCLH14638-cbn-1-spd-t.wav,0.9816203
/home/stuart/coqui/kw2.aug/HAPT54B2Cg8jLRspFxt4pE9sQ7MpptwUhM98ybT4iQBh13734-cbn-2-pit.wav,0.9816731
/home/stuart/coqui/kw2.aug/ngtfWZcx5CH8oyx4sccTAeLqoaAAMfcbJncx6TKcweQL8445-cbn-2-tem-b.wav,0.98170483
/home/stuart/coqui/kw2.aug/m2N3PDXEWskcyVgzUM53rmG6Gn2ZwLE5v36sQSL9CkjR12900-cbn-1-tem-t-b.wav,0.98173296
/home/stuart/coqui/kw2.aug/ZFxbc4KfP4WdAt38Q5x6YhDscrye8VVd3n42JAGQs3FF17775-cbn-3-spd-t-b.wav,0.98242146
/home/stuart/coqui/kw2.aug/Q2tg4ETfs5b298bmFgnqD2Emxqsg2r9KwSo3C272xKH78700-cbn-3-tem.wav,0.9824927
/home/stuart/coqui/kw2.aug/NFsFjWGYHq6LLtWKRbYdbhGvG3vatjREUZAQLTSpgiUN10609-cbn-2-pit.wav,0.9825157
/home/stuart/coqui/kw2.aug/KTN2RvtQK3NFqDxKSRXtsiaNSUm3MpZJQeVKkFkW9M3p17468-cbn-1-tem.wav,0.9828373
/home/stuart/coqui/kw2.aug/7StM8ez2Ah78KdWaE8Anibeqopuyq9Q5nC7panT3UAvG15004-cbn-1-spd-t.wav,0.98291355
/home/stuart/coqui/kw2.aug/Zc2rssWmWwHUGSRTKK4xrqMPiYdS2bdQT6EdWr95Q5dv2596-cbn-1-spd-t-b.wav,0.98329306
/home/stuart/coqui/kw2.aug/Vgr22nUat399wZwF25oVph5e5uS5o2noRraHjw6S3bHq2239-cbn-3-tem.wav,0.9835207
/home/stuart/coqui/kw2.aug/nh79Z8ChtJ8TqxRq5UonybKPBdWSej6Ju9Hk3ViGwQq615638-cbn-3-tem-t-b.wav,0.9837372
/home/stuart/coqui/kw2.aug/GfL3vBnchmYBRWTWNup2Fqdt7QsSAUqzdLcGzqZc8sVb7363-cbn-3-tem.wav,0.9838754
/home/stuart/coqui/kw2.aug/kSRr2aZXjW7qiGN5swZk3gghK5bzxcFRP9jeXQPtuYDa14330-cbn-3-spd-b.wav,0.9839774
/home/stuart/coqui/kw2.aug/MCvHQzHbUhoY2GMRGhA5pP4hxfoD223Y9YTeL6uDA5F414732-cbn-2-pit-b.wav,0.9839851
/home/stuart/coqui/kw2.aug/DJunHj9Mka4pNGqmgWQJUoCjBCqj6YWEoXEq38Vb8eW3150-cbn-3-tem.wav,0.984041
/home/stuart/coqui/kw2.aug/LdJ9pkPxFPCuMYiCUDsDf6JPXD5PLdv7M95tiWHpYd5n8008-cbn-1-spd-t.wav,0.9840539
/home/stuart/coqui/kw2.aug/aAjUMqv9XTKtjrqQmTXoR4Fh4dVbDeQ4qupYCF4deFQY15607-cbn-1-pit-t-b.wav,0.9842098
/home/stuart/coqui/kw2.aug/EMXJ3pDjnzrGrxExYtWZ9eG3GBSTxMsiocQHW8pGBQnP6660-cbn-3-spd-t-b.wav,0.98424006
/home/stuart/coqui/kw2.aug/83xs9gritKHYgkjdNFwPWBVUNKVnRaoQmKCgiNUuGmtF6679-cbn-2-pit-t-b.wav,0.9842635
/home/stuart/coqui/kw2.aug/C23NFvcgCFCgsWaGdS48wukEZkwc5BKTnHu2RvHsHAhG20256-cbn-3-spd-t-b.wav,0.98443085
/home/stuart/coqui/kw2.aug/5YWivtTAzBVRpvzVKu5DQefTroF7zLxuF3o3dHNkjSow18142-cbn-3-pit-t-b.wav,0.98456615
/home/stuart/coqui/kw2.aug/KZKFgH5v48LZ9Kdtngcy8mZP5KSiQJJ8z7uBLiXtQ87c3774-cbn-1-tem.wav,0.9846273
/home/stuart/coqui/kw2.aug/btQrMAAacTJjby2baDdmyJB4FDbAHpE2bVUPQbnJ7ocw5276-cbn-2-pit-b.wav,0.9846734
/home/stuart/coqui/kw2.aug/i8gz4BNSsVHZaqQdMxWdxvjzDoz9fV9Km3kWgcSYiFt33692-cbn-3-pit-t.wav,0.9848305
/home/stuart/coqui/kw2.aug/3TN9otcHKCg7VeCscZVFdoBfFBHKX6NzAkTkiTmsPBmw6239-cbn-1-pit-b.wav,0.98483735
/home/stuart/coqui/kw2.aug/G6YAJsFkHAUuqyHpBMMgT3Wun85FNjVAaahLFPCaY4TT7728-cbn-1-spd-t-b.wav,0.9850413
/home/stuart/coqui/kw2.aug/g9i9JvivrrnFTRkFzd84dxdhouihzqZbm6BTcGNo8vEf8727-cbn-2-spd-t-b.wav,0.98512
/home/stuart/coqui/kw2.aug/CWPbQcDpBXSCqHAmJYy7vwRCGZEgUvg8tSRHVmLDkEfi2429-cbn-1-pit-t-b.wav,0.985239
/home/stuart/coqui/kw2.aug/UosGrYRhBitVaEkBHhWugPZjLpX949nhxtgEDxzFKwAd13218-cbn-2-spd-t-b.wav,0.98534656
/home/stuart/coqui/kw2.aug/86FgvskhHWFkvAiP9VWXpmZwDRfdHgjvRUGeciPFepxg9271-cbn-2-tem-t-b.wav,0.9853677
/home/stuart/coqui/kw2.aug/npDxkH6z7XwNv464nrm8RSmBAjm2DtXAjGrMFV2yFywN9249-cbn-1-pit-t-b.wav,0.98604196
/home/stuart/coqui/kw2.aug/Se2rjyW95aP4XwwLeaGqnZdWjp5sUhiZT934a9U3XCQD2425-cbn-3-pit.wav,0.986113
/home/stuart/coqui/kw2.aug/8i2eVYJGy8NXeUSA99SiM5Jno2QATCp6zmNLSRNKTpVm12058-cbn-3-tem-t-b.wav,0.98629236
/home/stuart/coqui/kw2.aug/9Vw84cFW29K3c7mzaXUKKDboa4uGD85PxuyZHWMcBrHd14939-cbn-1-pit-t-b.wav,0.9863251
/home/stuart/coqui/kw2.aug/knGdhfpmEM9bayj4ASbVPvE4eGhJQ2wm4ckjBEViMMXs19840-cbn-3-spd-b.wav,0.98637575
/home/stuart/coqui/kw2.aug/GbtJsHWyR49xpR9tGXGRYdaqVnGqvhVDAuqUtYiduXac12189-cbn-2-tem-b.wav,0.9866659
/home/stuart/coqui/kw2.aug/WqE5ksDyKbAQ67SE9hp9Rf4cUEyyRK6ogxK2K5uXXS3w6681-cbn-1-spd-b.wav,0.9867148
/home/stuart/coqui/kw2.aug/UNMuEChTq6Ge8zuyhiQ7FN4ZDHT49c8YaHKJjQaUCrmP13000-cbn-3-tem-t-b.wav,0.9867495
/home/stuart/coqui/kw2.aug/2upXzhHrWhx2ycbghaPoQCT4eMKkQn4rFL37wpXwgtwj15884-cbn-1-tem-t-b.wav,0.9868508
/home/stuart/coqui/kw2.aug/SgRSePbeCWivMZzdppd9nfBZEWmNyPeZNeyzRFqRTVEi14251-cbn-2-pit-t.wav,0.9870809
/home/stuart/coqui/kw2.aug/WiuCLLwrB2kQm2jfzuJZUgi7iyiHUjVcZikvwJEhBerG13539-cbn-1-tem-t-b.wav,0.98709106
/home/stuart/coqui/kw2.aug/HSvv6k7evmhhGd2RhboVsNiqc346zxqRuLMXqxzoNe2U16946-cbn-3-pit-t.wav,0.98709536
/home/stuart/coqui/kw2.aug/Xn7x7gLt9WcQstaPr7rvo8m73gJ6fEf5QY6MB8HijTSZ17248-cbn-3-spd-t-b.wav,0.98717195
/home/stuart/coqui/kw2.aug/BdRCYssL7DeanAwmEWqhqw67jSjg5mykeuVDtH4ptpwE14320-cbn-3-pit-b.wav,0.9872743
/home/stuart/coqui/kw2.aug/bmPVrSFan2XiaW4dCDAdVXkFNFSfx3Dux5QtB4QvZDQW14328-cbn-1-pit-t.wav,0.9873575
/home/stuart/coqui/kw2.aug/4fRo8XZT9pscEmmLPCPMS5X53fsqZb2wiZffAAH3NJMg8390-cbn-1-tem-t-b.wav,0.9874736
/home/stuart/coqui/kw2.aug/42WZeKGmuUkCberHSkt2kn2YD27PspDXCLrogPKXhx4a20911-cbn-1-pit.wav,0.9877002
/home/stuart/coqui/kw2.aug/5ofz7vNPBHsVchAJR8A6S2LWqpBFpPhmEMRnsvP8bhbp12706-cbn-1-tem.wav,0.9878435
/home/stuart/coqui/kw2.aug/NcYPCd7E7UcjonqDCrMs4EaiZNSeK3bpF3ZcuEjaNpmZ7296-cbn-2-tem.wav,0.9879539
/home/stuart/coqui/kw2.aug/F5QdmKtDFXjf8qUD7cE8od5D5YiWhZdEXzwv4CmeZYwo13324-cbn-2-pit.wav,0.98826456
/home/stuart/coqui/kw2.aug/jLk5Mx9ETcNxAGfauqNKDqJZo4eLFmJAEMgA2uSAgvFj15632-cbn-3-spd-t.wav,0.98828655
/home/stuart/coqui/kw2.aug/hgycguYTSnAYvSiCtb686XKWqQUgLDddjjG884aBX6AU10310-cbn-2-pit-t.wav,0.9883503
/home/stuart/coqui/kw2.aug/EAdcRo37yauhhivqYRpLjFXumGZYFRdaaQHSXysqebwo20054-cbn-1-tem.wav,0.9884163
/home/stuart/coqui/kw2.aug/isNvqRtPKvBqFnJSs4gmgtJQc6wWSxFmiAYdHacghEWU20906-cbn-3-spd-t-b.wav,0.988425
/home/stuart/coqui/kw2.aug/M23GSGiSW2wMv6ZhbPT2B2gGAo3jGQ2iuQVySnCoGyhy13572-cbn-1-tem-t-b.wav,0.98860264
/home/stuart/coqui/kw2.aug/AXDnnfv4nc4qZYxuTRp5ksfpKYN5Ha7ixLYr2KLvy8E68674-cbn-3-spd.wav,0.9886939
/home/stuart/coqui/kw2.aug/JkGBbcnfFA2iwqqdR5d8xXiuN9JnFeyMPUVUmV8azsRA17959-cbn-1-tem-t.wav,0.98879904
/home/stuart/coqui/kw2.aug/Ryc26s3yEKJoaUvhoByYYRfcUXSQigVv6LHDzRJDVFVZ19860-cbn-1-pit-t-b.wav,0.98881835
/home/stuart/coqui/kw2.aug/CaBYeamHBkjbNuue7y2aXfUJ9nVqCH5D8tAY96AMXRNY5692-cbn-3-spd-t-b.wav,0.98889214
/home/stuart/coqui/kw2.aug/THJCG7TPnyFPFkhZ4gYUtCkCZpvhwjwg7oYfT67HtKX916882-cbn-2-tem-t-b.wav,0.9889818
/home/stuart/coqui/kw2.aug/bgDTUR7upR2mUoRTDCoPC7XiofPrvcTSkhmGd83V9TmD2737-cbn-1-pit-t-b.wav,0.98905784
/home/stuart/coqui/kw2.aug/5HjWaudWYHAP55bGT3hozVWJZ9CioERpAoJyjiR6qntX9243-cbn-2-spd-b.wav,0.98912853
/home/stuart/coqui/kw2.aug/XJgeT7Q6aX6DmheNWdxKpab38EaZGgYTkW8Q7waaGYML14340-cbn-2-pit.wav,0.98913634
/home/stuart/coqui/kw2.aug/GJjk4DbSqbdcee3UCzboodEp3JVEAd3iAiHzTDTML3oA14313-cbn-1-tem-b.wav,0.9892371
/home/stuart/coqui/kw2.aug/6QQYUkrjidkRZqwQwjCdoweYtVdj4p2UeRmWBs5ZUCJJ9350-cbn-1-tem.wav,0.9892674
/home/stuart/coqui/kw2.aug/QDy8QtHFvuXZhXZseNhuV6NM7TCGNnjHjLARzG9wExn71024-cbn-1-spd-t.wav,0.98940253
/home/stuart/coqui/kw2.aug/RM2rjNcBxcn4NRGuv2r9DTgDK66Ba5yNnngcyqDDH2se15371-cbn-3-tem.wav,0.98943347
/home/stuart/coqui/kw2.aug/N3geEXmbaVAprtwV9MEvhRMiK6sKXtmMpiqWnThVdgEL4788-cbn-1-tem-b.wav,0.9895784
/home/stuart/coqui/kw2.aug/75gzqQyHvdJSQ4wbqfMrfRCeLfHKZr3iiavMKvSKqFqm12179-cbn-2-tem.wav,0.98965245
/home/stuart/coqui/kw2.aug/TwQqJTH8qaYHUq8aPMG4Gw4cqWr825Y9whRu2RfVVLqe4113-cbn-2-tem-t-b.wav,0.98976517
/home/stuart/coqui/kw2.aug/N5gn9Vmk7w7UxcPtb6EGTdi9Rf9bZ5q3o6WtRFCZAgVT15642-cbn-1-spd-t-b.wav,0.98980683
/home/stuart/coqui/kw2.aug/6dFbmSDb9wyYjKTKmJiF5YMk5KQnio7EMF7Bf8dVfJRY6969-cbn-1-spd.wav,0.98982364
/home/stuart/coqui/kw2.aug/R53hYMhEsLz7CNU8ZRNbLBezSnuXJnuadthN2aVekRdQ829-cbn-1-tem.wav,0.9898878
/home/stuart/coqui/kw2.aug/ZCf8EBVbVuhzQWnTCXMbm5mPRAC7R9rx7duhZiafcAF721182-cbn-2-pit-b.wav,0.9899748
/home/stuart/coqui/kw2.aug/8z9oEZ59XzPAbSb83VMkZwR2DB6dUTzzdJPKCcTMHHiX1432-cbn-1-tem-t.wav,0.9901008
/home/stuart/coqui/kw2.aug/9Kq4K6K96gh2NrcnJDRsSN9At9zcJKhvKcM3pw6iho4M13217-cbn-1-pit-t-b.wav,0.9901044
/home/stuart/coqui/kw2.aug/D7HY3MMvW2x2GmuhLjNufDNh7aH2aGBXcTrVGVhsV59i19951-cbn-1-spd.wav,0.9905723
/home/stuart/coqui/kw2.aug/3AsjmXMBzpsCu67LoFJ5f8D7RQN5FnKmoPwQ4N3zmHYT652-cbn-1-spd-t.wav,0.9906431
/home/stuart/coqui/kw2.aug/DevDy3xGtsFu9ic98Fx5RqTiKRqjjjB2dPQBpiNBQWVe12641-cbn-2-pit-t.wav,0.9906771
/home/stuart/coqui/kw2.aug/5HedA5gwqjtfvBPq3eowfBeeW5FnpKNV4QGTyi7jGh3p21095-cbn-1-pit-b.wav,0.99075574
/home/stuart/coqui/kw2.aug/YTnb4QsZZQqkmy5zQFeRwehSp69duaz5SFXEnBs44MN52302-cbn-2-tem-t.wav,0.9908109
/home/stuart/coqui/kw2.aug/fN4yR6kHEkuUsb5GnNomphNUQfUtiQ9hB54xKwGyRuLa4598-cbn-2-pit.wav,0.9908274
/home/stuart/coqui/kw2.aug/dtboKfFjuBayJNCidwN8TK6emETqABNgdq3ewaNmSM7M13274-cbn-2-tem-b.wav,0.9909155
/home/stuart/coqui/kw2.aug/fUc9EeKVDuPKSGg7xDxbanYfHpPApHE83CEFubNgEz462323-cbn-3-tem-t-b.wav,0.9909939
/home/stuart/coqui/kw2.aug/QpMBcWkp9QgGumjjGbdpLwc5jpaVz9ohfJbAcjdaU7Lu16543-cbn-1-spd-b.wav,0.9910088
/home/stuart/coqui/kw2.aug/9hqYjRmtsPy3bZAu7zEo2A4YXynyKTyXNbGtXLjvJgYq10625-cbn-1-tem-t.wav,0.9910157
/home/stuart/coqui/kw2.aug/MXEYFzfov8qvHVwQVMFNZPWH8jNZeyHzgBRqp2EY5PXk9551-cbn-2-tem-t.wav,0.99110425
/home/stuart/coqui/kw2.aug/BNPwBoEqUb6XtwkTkoy2EZbnmMUwQLz5edu9KWimqKGi11563-cbn-3-tem-b.wav,0.99115026
/home/stuart/coqui/kw2.aug/QYzPXSHx7VByw4k65ZEhczikDWGVC5ygR2KuwX7z7MpZ15549-cbn-1-tem-b.wav,0.9911737
/home/stuart/coqui/kw2.aug/Nqv2wpVhJzkFLzs8kx8fuwa2rn9XYUeU5ZsZDkcDYMNm18981-cbn-1-tem-t.wav,0.9911788
/home/stuart/coqui/kw2.aug/hRroXZCAwShVARVahQeMYdKq77WLjMBsE58epfVfpave6438-cbn-1-tem-b.wav,0.9911799
/home/stuart/coqui/kw2.aug/B9E9sAocPemDkcdg6X2PoARpaHckLi7b7W6Q7jXELFJw2364-cbn-2-spd-t.wav,0.99120283
/home/stuart/coqui/kw2.aug/maTV4bk6hktpLqhwYxGKrHNJWzuGcNtyEhouhSDaccDw8860-cbn-1-tem-b.wav,0.99122065
/home/stuart/coqui/kw2.aug/HWb7VAJTFewmRVPQS7JZPdSFsodwVoX8i6H4mpCeD7cy13025-cbn-3-tem-b.wav,0.99122226
/home/stuart/coqui/kw2.aug/keWCRGxNET79P2EzSwYHF9bdp7o96JAEU7fqrb62KvZR16251-cbn-2-spd.wav,0.9912305
/home/stuart/coqui/kw2.aug/bGrrZLzUcFgpXxR2XqaxzgTnqLx7gK7f3pijtDYY2ibL20873-cbn-3-spd-t-b.wav,0.99123424
/home/stuart/coqui/kw2.aug/bmMcTJKCzvt7cD2UfsyMDZTNwFZWwYEuXRATeGCdKSHi15509-cbn-2-spd.wav,0.9914692
/home/stuart/coqui/kw2.aug/9jSo6FeNGkezqhLnzuQiDKFTKgkUjLNwznGwNZ7Mj2pk142-cbn-2-tem-t-b.wav,0.99157
/home/stuart/coqui/kw2.aug/5ugPWyzvZcquBTJBo2SSMcFzgCTLRoPDL9WJStSjBXza5216-cbn-2-spd-t.wav,0.9918128
/home/stuart/coqui/kw2.aug/VQE6gAjDuX6ws4X53hy5NoFk4Fvdj5XzM4WZh2mD7agy8828-cbn-2-tem-t-b.wav,0.9918174
/home/stuart/coqui/kw2.aug/epRdNRqqrAfVhFaiiGuBR89dsCZn6pJ4UbMSJbwpkvKi1729-cbn-3-tem-b.wav,0.99184775
/home/stuart/coqui/kw2.aug/7WBgvbhnbVzR6XLjmgXGTLbed2dvsygzfe5DpYuvVUJw6025-cbn-2-tem-t.wav,0.99185586
/home/stuart/coqui/kw2.aug/7aGaKPAqvBmquGr9bpMS5FAmrBDcxBTm9NdvyfVUvxUD14624-cbn-1-spd-t-b.wav,0.99192667
/home/stuart/coqui/kw2.aug/UgzyY5v4z5Cwxbr5soZuGpEUgmxjGkRz8RdAV9xRn8P9194-cbn-1-pit-t-b.wav,0.9919728
/home/stuart/coqui/kw2.aug/bXoHCLq2smVD2bgbdoDyhwM6LuLLhPTcSPRrrRnWojJQ20869-cbn-2-tem-b.wav,0.99200433
/home/stuart/coqui/kw2.aug/bJRG7pidW2iJuKmRvEs6uKKHd5zYb94c8tRDJNuQRX8h4260-cbn-1-tem-t-b.wav,0.9921376
/home/stuart/coqui/kw2.aug/WuNambQDdN2Ujb3vFNWXiQ9gh9MiXEHnBEpCjxGTk4Sf2845-cbn-3-tem.wav,0.9922587
/home/stuart/coqui/kw2.aug/bpsSuFTXAxf6W8ZLFf3rpyUSrQVutYGcQ2bj9TLiSBQ715274-cbn-2-tem.wav,0.9923286
/home/stuart/coqui/kw2.aug/2m8XAhxjqy6U3QZJCtX5gkQNwDNKY2LRmAP2LJVQkHYo20488-cbn-3-pit-t.wav,0.9923766
/home/stuart/coqui/kw2.aug/Ceag2DhxGsjFHJXs6uqT3gVv4kLdti6fz32ztYskqjVG5143-cbn-1-tem.wav,0.9924722
/home/stuart/coqui/kw2.aug/EL8QNDHMMRUCja5tSUsacVS6t5sJR6vVUYLswfGtaWdk10279-cbn-3-spd-t-b.wav,0.9924987
/home/stuart/coqui/kw2.aug/dejAhUm92tLY3QWsmJDynceLMzBMNizYUkHK8cCcyPXo3760-cbn-1-pit-t-b.wav,0.99250096
/home/stuart/coqui/kw2.aug/WFQ7D4L3QYHtdxkzUrGse5TiKRqjjjB2dPQBpiNBQWVe12641-cbn-3-tem-t.wav,0.9926025
/home/stuart/coqui/kw2.aug/87KsmR4PbxazyD76w3snUuSMEpAzpm3uyAz9p9gYNG6c8907-cbn-2-tem.wav,0.99269885
/home/stuart/coqui/kw2.aug/BY7YUMcKfjqiuTrpQGhEDZTL38Eem6vnChGocEc5ddAy2785-cbn-3-tem.wav,0.992796
/home/stuart/coqui/kw2.aug/EJPArkVjMiEsJTkQXxJDveeJnYXY6rcYKXPdH2Lzfn8L18367-cbn-3-pit-t.wav,0.9928052
/home/stuart/coqui/kw2.aug/bKDpLkAK5JRUX8qwFwnkK5XFWXAp6WgBHAiXKHhLKLAL12786-cbn-1-pit.wav,0.99286896
/home/stuart/coqui/kw2.aug/TVf9X4NzfaGiuCroJvvUnjiUKT8qsVmGauSJV3QjWTQ313853-cbn-2-tem-b.wav,0.99287695
/home/stuart/coqui/kw2.aug/ZnuMZbeYhCZFqnqJYqQQ2U6hmHFim7AWgSgAsfUpBc3C16998-cbn-1-spd-t-b.wav,0.99295217
/home/stuart/coqui/kw2.aug/D7vZyrhUTvzpSTR8o6vwGhbdp7o96JAEU7fqrb62KvZR16251-cbn-1-tem-t.wav,0.9930137
/home/stuart/coqui/kw2.aug/MVyMU7zdbDdsxxAvhvuqzdirCSbQ8XnRW6S3Q4ceXSc76725-cbn-1-tem-t-b.wav,0.99301577
/home/stuart/coqui/kw2.aug/edJ22hczET3aBadA7gFRRCdjU5jkpAA8YYMJryoHZdNy17352-cbn-3-tem-b.wav,0.9930541
/home/stuart/coqui/kw2.aug/DoNXssbBW8H8E7qd2ev2CoBwmSQkabFdWfzWPm5YmEPp2308-cbn-2-tem.wav,0.9930779
/home/stuart/coqui/kw2.aug/nP3HHbtYuv9tbHzEASVcwYEge73HfuDrvvE3YVjhbdZ620265-cbn-3-tem-t-b.wav,0.9931264
/home/stuart/coqui/kw2.aug/GsgvdwYzEE69ArmuFmWNFjGT6d365AuGR2WseHmW49n63323-cbn-3-tem.wav,0.9931463
/home/stuart/coqui/kw2.aug/84KMvpU7YEYKrnmghUnzJUbdp7o96JAEU7fqrb62KvZR16251-cbn-3-pit-b.wav,0.99320227
/home/stuart/coqui/kw2.aug/2WB4Ho8bibihc43rSMAHyt8Boy9VZrmexZ36AebN8iM72081-cbn-3-tem-t-b.wav,0.9932045
/home/stuart/coqui/kw2.aug/Woo2K6VkmCFnbuSP74upvxmZULi2HnNmxMnjXWGuYKrA5754-cbn-2-pit-b.wav,0.9932104
/home/stuart/coqui/kw2.aug/9FTziQCsUqUd9kmVVMqAKwX4wL4KDx9a8phi5XBCBKLG11879-cbn-2-tem-t-b.wav,0.9933361
/home/stuart/coqui/kw2.aug/f4nvutnGjYwwipHHkxLLTi99LyrFynoeSpi2FYBx34pm2281-cbn-2-spd-t.wav,0.99337405
/home/stuart/coqui/kw2.aug/nCwkR2XpqReR7StgFbUtti922UXDRvtG2qjcoEd6eWAi6601-cbn-3-spd-t.wav,0.99347174
/home/stuart/coqui/kw2.aug/ZPhX8JATFGBqp9i7G6iJuhCkcPHxUapoLbKAcdBwCc5519296-cbn-3-spd-t-b.wav,0.9934876
/home/stuart/coqui/kw2.aug/ck4Ha2xzSS6vbJoqTottfjCCP3hefHHqvPvj7vxTyg6S16541-cbn-2-pit-t-b.wav,0.9935237
/home/stuart/coqui/kw2.aug/42ybCaj3EkZDzJ8CQGhG36VZGbxyq7uoYH2iEV8Y7RVe5682-cbn-2-tem.wav,0.9935561
/home/stuart/coqui/kw2.aug/aypPtSqQGTJabv3i7JLNnRQKc3y37TcRZcos4U3frTFh4083-cbn-3-tem-t-b.wav,0.9935586
/home/stuart/coqui/kw2.aug/Vw8nxRGUQBwrwAMZdP8yZoR5Q95xhQbv63ENAKSHHa8q1238-cbn-1-spd-t.wav,0.9936953
/home/stuart/coqui/kw2.aug/awurkeM9dYUHX46emVJn6FMa6qMfTApJSpLnG42Y55M42990-cbn-1-spd-b.wav,0.9937145
/home/stuart/coqui/kw2.aug/GLKb3S5BxYTujRWmt6Qs3s3grTkVjbGiaEGQJ7Bn3gir11072-cbn-1-spd-b.wav,0.9937309
/home/stuart/coqui/kw2.aug/GjauAyYxk2qx38xbqQ7K4hZ2aBMy5xzTEPPwYAS8iFrV13931-cbn-2-spd-b.wav,0.99374783
/home/stuart/coqui/kw2.aug/Nus669F2SkhY4xKnSBhoeB87EFQJpM7x3iKXRZRL5bqM9131-cbn-2-pit.wav,0.99376935
/home/stuart/coqui/kw2.aug/9w6ghxegWZWac4fD2URq7r2oW8CWWjyuGtmNPggoK8vT17481-cbn-2-pit-t.wav,0.9939056
/home/stuart/coqui/kw2.aug/awZcM9QtKeQVaZHBNiZYmeZ5scyoCrYRv4VgaAKbBxhm328-cbn-2-pit-b.wav,0.99390715
/home/stuart/coqui/kw2.aug/i9Q8opg36A9WXRFiqzen58bnmMUwQLz5edu9KWimqKGi11563-cbn-1-pit-t-b.wav,0.9940076
/home/stuart/coqui/kw2.aug/eWCUiqEyRzWbVgoERf49PKkCzDngXN9EiHn6viedPgpg17205-cbn-2-tem-t.wav,0.99403447
/home/stuart/coqui/kw2.aug/d9NzeneJ7VCu5EwwRcXAv2exiXnTiNu4PvZnQk2saycB730-cbn-1-tem-t.wav,0.99405754
/home/stuart/coqui/kw2.aug/SYMBwsBmVCYiqUHuwwX3Dw9HWFMLtKVeZTkgbE6bWt9V9973-cbn-1-tem-b.wav,0.99408853
/home/stuart/coqui/kw2.aug/FHTDDCLJeGAer4Yyej8Ky8f8D2YPFhYZZMjWwhdZfq3U13377-cbn-3-tem-t.wav,0.99420196
/home/stuart/coqui/kw2.aug/kjWh4CwRCoVNanRBBXpEtkBYDJazSq4W7unXhdm3gvma20490-cbn-2-pit-b.wav,0.9942281
/home/stuart/coqui/kw2.aug/S54NdPT6atdDVQPGgehwRd6vWZkDcqL68pzAtDSVWnc618734-cbn-1-pit-t.wav,0.99423087
/home/stuart/coqui/kw2.aug/8C4n3xUSu9TPPezVgzNAFXE7rfmba4Nc4Dr4c48nMFJj9446-cbn-1-pit-t-b.wav,0.9943017
/home/stuart/coqui/kw2.aug/KLB8N34s5uq4nCm7T45uF8egryA89bvu5TGYbStFLFWk6397-cbn-3-spd.wav,0.9943182
/home/stuart/coqui/kw2.aug/ckzotQDRtGuAPybre62ou94QDRpNmaXZQebC6h66mng416121-cbn-3-pit-t-b.wav,0.994362
/home/stuart/coqui/kw2.aug/bqPnWKhEW3VXP4eVYXbbmb35z6RDUMZUjj9dNHtt9Pdc6937-cbn-3-tem.wav,0.9943883
/home/stuart/coqui/kw2.aug/2SYFLqwgiUj9n9khbfu2LxAhAWfWknYRK6AJDQspfzLP3993-cbn-2-tem.wav,0.99440825
/home/stuart/coqui/kw2.aug/SvtMo5TtXJkfW5y3kPHJcCTEZFqoepy5yk9qHKFPfkF56121-cbn-2-tem-t.wav,0.9944159
/home/stuart/coqui/kw2.aug/c482cKauksE2eqN2d6UyejNjirbQTxSYk3rLxM2d8nTJ13800-cbn-3-spd.wav,0.994426
/home/stuart/coqui/kw2.aug/3NjvoKjfSGYr2CrxLWYozvNtYiU6JrrUGnvtdWaDXbN26635-cbn-1-spd-t-b.wav,0.9944676
/home/stuart/coqui/kw2.aug/YchZ2Kj8LkPo2tZwE4yXgja3Sw4zb9McTa6srKcZBcfW3930-cbn-1-tem-t.wav,0.99448264
/home/stuart/coqui/kw2.aug/5FjmA9JThD9kLQnJPBno9wWr5quR2KdvSPyutZuhcZ6Y14117-cbn-3-tem-b.wav,0.9945083
/home/stuart/coqui/kw2.aug/DoSMNeaYUnjDWRdfKZxfrATodfxV2Yn9W8eHLqn8Nqam8191-cbn-2-pit-t-b.wav,0.994514
/home/stuart/coqui/kw2.aug/agkUKWHBEGxXscpSonuduykYRPPSpqyn5EjwyESPZFUN6880-cbn-1-spd-b.wav,0.9946068
/home/stuart/coqui/kw2.aug/YLXowMJpbjGCtFziDb8CHt7fefmtNnE7EmQqHaMEXpr59393-cbn-2-tem-t-b.wav,0.994682
/home/stuart/coqui/kw2.aug/WKKqcm75SJAf9yVSq2VvGJ2VAhjQmLq3qFvsTuBDXEhZ6671-cbn-2-pit-b.wav,0.9946884
/home/stuart/coqui/kw2.aug/jPKp66H5iiQArQbdJYLieeDSgaAkEWhjbBnbNNWgPC8719695-cbn-1-tem-b.wav,0.99471986
/home/stuart/coqui/kw2.aug/VMS6trzBJ2aghvThtQnot4KffaVvxHiYuwZYybVVjWzc9457-cbn-3-tem.wav,0.9947543
/home/stuart/coqui/kw2.aug/Grn2RuwR4HiQhiZV59ehqEgdqWT8McxrfUP4au3NCJfk20518-cbn-2-pit-b.wav,0.99479645
/home/stuart/coqui/kw2.aug/D6H4VyVLKg278WFAmqgGJTX53fsqZb2wiZffAAH3NJMg8390-cbn-3-pit-t.wav,0.994896
/home/stuart/coqui/kw2.aug/hAVYSuEFh64vkgYVNUW7zYVWyToKsMu9hPS5qPMGYFij1972-cbn-1-pit-b.wav,0.9949362
/home/stuart/coqui/kw2.aug/H6CSSWNdUPMyirD3pdMY2Y7MB47uN4nCyBTdvMiYS6Uj16690-cbn-3-tem-t-b.wav,0.99493647
/home/stuart/coqui/kw2.aug/4oyenPaUhLBwWXLaBBHbas5YqggtYsVtGwG36LAG6xHQ5838-cbn-2-tem-t.wav,0.9949491
/home/stuart/coqui/kw2.aug/TXvNLY3hY2Jx4z68HVYPTcBRHaJomiuNn4TyEGpSHAL83326-cbn-2-pit-b.wav,0.99499476
/home/stuart/coqui/kw2.aug/3JpBPWFriCHyGkdzhPPpeMnzuB3Ja3Z9ffR9JZM3iCfs13536-cbn-2-pit.wav,0.99499893
/home/stuart/coqui/kw2.aug/iX5RDHsMP5nc9j6Jp8S9PYFAPxqjQ96eptve8BPAPuei7647-cbn-3-spd-t.wav,0.9950205
/home/stuart/coqui/kw2.aug/7ujpQ9ZtL785fQpFGKKBe39wtZ89yuhAHQze9D9ggoim18445-cbn-1-spd-t.wav,0.9950228
/home/stuart/coqui/kw2.aug/GKwkAP3nSAKnXQHV9hhg9iS7F6JkMwdyhAwVfBAgqxBv19978-cbn-1-spd.wav,0.9950251
/home/stuart/coqui/kw2.aug/KMvZkryiqUFWeZPY2ChiFXPjvYDy5htSp7qT6DYDbxdW11513-cbn-3-pit-t-b.wav,0.9950252
/home/stuart/coqui/kw2.aug/cFereFn8at7yc53KdHicejAMpqdcH6kMpbvxS4UmChPM13397-cbn-1-tem-t.wav,0.9950434
/home/stuart/coqui/kw2.aug/M29xx6xirnzDgD5CLRs7VwJQc6wWSxFmiAYdHacghEWU20906-cbn-1-tem-t-b.wav,0.9950481
/home/stuart/coqui/kw2.aug/VDUvB7kamaKWFXBu5wXEAE9dsCZn6pJ4UbMSJbwpkvKi1729-cbn-2-spd-b.wav,0.9951475
/home/stuart/coqui/kw2.aug/Bpwvx5JrL7P4xUn5MmU5TjZqC6sG8aDDo5HRCgyjTJTS17339-cbn-2-tem-b.wav,0.9952087
/home/stuart/coqui/kw2.aug/M4RguSJHGPvFCivrovKwdV7FFvsP32hJtQwbcw573vxv16186-cbn-3-spd-t.wav,0.9952224
/home/stuart/coqui/kw2.aug/CGdqmiyJEV9X7WhnrgjJCSDF2ZZoRuKfMmQSCcGHA7JN6951-cbn-1-spd-t.wav,0.995262
/home/stuart/coqui/kw2.aug/RS9NWtvmKxoWHtGgzTwAsm7gEYCDF7DdcX2iVSrxZ6es4739-cbn-2-pit-t.wav,0.9953731
/home/stuart/coqui/kw2.aug/empCB9sHTDc7gbDULuxiUR9dsCZn6pJ4UbMSJbwpkvKi1729-cbn-1-pit-t-b.wav,0.9953818
/home/stuart/coqui/kw2.aug/WUKnmATD5CuDcArabpP6Vw6iZTXw4GHwDCCrA97ECmp214199-cbn-2-tem-t-b.wav,0.99540496
/home/stuart/coqui/kw2.aug/XXQhD5TaeuWkf8yUWdsmthPvEwmq3ruH5MkHGpR7SRrC12446-cbn-2-tem.wav,0.9954112
/home/stuart/coqui/kw2.aug/4X5wWRjPmtDQ5RWc7acVGxjocY83dXXE3fRq3iemvQgP11959-cbn-2-spd.wav,0.9954144
/home/stuart/coqui/kw2.aug/AEMFBcj6H69ud75fji9CdaAd3nPeYiR3LsQbiB24Q9Tv10531-cbn-2-tem-t.wav,0.99544924
/home/stuart/coqui/kw2.aug/F3acfAXi7EepjgDTGE3mWShsxuExbGCdMnYbtnoQSDch8678-cbn-3-pit-t.wav,0.99547285
/home/stuart/coqui/kw2.aug/V2RQVApTY727biZYnENt4VYqYNrW524MrScXbm9hx4fs8248-cbn-3-pit-t-b.wav,0.99550027
/home/stuart/coqui/kw2.aug/dqt8jSMHXkFwAdQNaRzd4kXnkRzwWqrvDKRndwquFvPC8764-cbn-3-spd.wav,0.99556845
/home/stuart/coqui/kw2.aug/j8GwWKjBFBs2uhrCCqpjoHCgdktVhcuFTMtkAmaoAUye6054-cbn-1-pit-t.wav,0.99558026
/home/stuart/coqui/kw2.aug/mCmN5vuJFCyP6ZoLbrRKyJGGiW7h8zcLXtdyrkxQXF3B4175-cbn-3-pit.wav,0.9955949
/home/stuart/coqui/kw2.aug/6mjDeS8AkQQbcSTepw9UZTbw4fDWVCcBMfbhBaSu7rXx18288-cbn-2-spd-t.wav,0.99559504
/home/stuart/coqui/kw2.aug/Ci7EiXLS7RkTh7E5Ss4CMNFAPxqjQ96eptve8BPAPuei7647-cbn-2-pit.wav,0.9956115
/home/stuart/coqui/kw2.aug/fo9FvVuiJsVaXDShXVB9f6L46HbDuzNc3WvgMhsUthwK18455-cbn-3-pit-b.wav,0.9956399
/home/stuart/coqui/kw2.aug/SrgfiomkNVzoVYaU839dK4C9radbMZ8pyh3bRpwqGtkm15044-cbn-1-tem-t.wav,0.99565166
/home/stuart/coqui/kw2.aug/hHeLxGbcSmPr6LuHtEmbLHe4yALz5NtPo8nRQFYfkmRv19303-cbn-2-spd-t.wav,0.99566334
/home/stuart/coqui/kw2.aug/4kqeJ6nDKMpHVZi782te6LMfRiBTBpGMKFuem6hCWBXn16514-cbn-3-spd-t-b.wav,0.99575067
/home/stuart/coqui/kw2.aug/SzfWXY3FTASEQupErJGdbQf5qSkhnGtrZg3FjjKRf8Xr10318-cbn-2-tem-t.wav,0.995783
/home/stuart/coqui/kw2.aug/JfSNvKNS9nyThxcEpG76ko4A3ppKkoVJFBNYnLvoqunY16075-cbn-1-pit-t-b.wav,0.99579394
/home/stuart/coqui/kw2.aug/3EpFTrkA3nQU68McJnUBRP7W6VRGWfiKqN7WhoWQNyGP21147-cbn-1-tem-t.wav,0.9958105
/home/stuart/coqui/kw2.aug/gKjjEMLkfXSEZ5gzxsDGMxiQZMr7DGntUsZtJEGEutZx7695-cbn-1-tem-t-b.wav,0.9958631
/home/stuart/coqui/kw2.aug/TzektPXinc2znNByAz3w9BaSAqdkAmoqBY3Ct4r7Zeo820504-cbn-1-tem-b.wav,0.9958632
