/home/stuart/coqui/notkw2.aug/bMmerGosmACBm6aGJhSuGNQoEW66mvdBwz8rkYzLmNTs24226-cbn-1-pit-t-b.wav,0.841336
/home/stuart/coqui/notkw2.aug/4uDWKHPCSYMKnk3Mnw9mV8CenbCmj9XupG7RvfEJZVzE3270-cbn-1-spd.wav,0.7831406
/home/stuart/coqui/notkw2.aug/GcVP2XRFfRXvUepuAAXDhCRaCgzLdz2gtiUuXC78PiSp38469-cbn-1-spd-t.wav,0.3720676
/home/stuart/coqui/notkw2.aug/D3jtoKdt6tn2L67ExaANdieEk2z7tACJuzLZhd6mNauQ24069-cbn-1-pit-t.wav,0.31945655
/home/stuart/coqui/notkw2.aug/VE4wVMfudMshAHe4m7RhE9JnRWKCojuX6TEAVdr3ZDuB15678-cbn-1-spd-b.wav,0.27164596
/home/stuart/coqui/notkw2.aug/QYYteJvwevSzMrLPBcSpffN8cmA6yeQ9qyAf3BwDjJFo12361-cbn-1-pit-t.wav,0.21318178
/home/stuart/coqui/notkw2.aug/GUBSWPfjsjsqwuELRAu2sLd4Yw8f6SgnymqzoEYUMyYM26016-cbn-1-tem-b.wav,0.18041182
/home/stuart/coqui/notkw2.aug/HsfepFwTVWqR6KDwfRXZWMEA74avNxyuZhVqXeuSLVHA441-cbn-1-pit.wav,0.15245065
/home/stuart/coqui/notkw2.aug/k8KcJz6sQSXh4by56Vb9DQ9dhvQfjGVN6q3MQjYkAeL530272-cbn-1-tem-b.wav,0.14792253
/home/stuart/coqui/notkw2.aug/8QYfypSEcsGaKo78uMpjRdW7hSisFbYoYkJENhaydWYV33950-cbn-1-tem-t.wav,0.1410199
/home/stuart/coqui/notkw2.aug/dteagA2tPYfiR7y3Terwt9cU5vFvsswuiK8XzTJa5VEj11515-cbn-1-tem.wav,0.13911179
/home/stuart/coqui/notkw2.aug/GhdwRs4oBfoE3fgJr2MEiQX5BHoAPwQMVYbhqw8drN8224873-cbn-1-tem-b.wav,0.1210358
/home/stuart/coqui/notkw2.aug/7aPMLotgZrm5pFZtGg3wKueLvzbXA3JhHGLzCmmkxeyj33826-cbn-1-pit.wav,0.11550374
/home/stuart/coqui/notkw2.aug/mtKW3nQgvBhU2Kw74vPV5FQjpJfbLDi6iprSsci4LSGT24365-cbn-1-tem-t.wav,0.11388958
/home/stuart/coqui/notkw2.aug/AeCQgsgh5ZXfxaQ89pmopZ3UFAZ77veQM46d5U69rKZH27846-cbn-1-tem-t-b.wav,0.11139392
/home/stuart/coqui/notkw2.aug/YJcM2rj5cMjPHMG4TfNSQbLku3T4BNj2phEe8kV5mcZL2072-cbn-1-spd-t.wav,0.10958617
/home/stuart/coqui/notkw2.aug/Tbp88feFnK5McdJHXUcxXAg9zYyPbpXF8VDffJYip82W16044-cbn-1-tem-b.wav,0.108547814
/home/stuart/coqui/notkw2.aug/VuEVnymnK2ZvWBZbDoCz2mmejEXS8rWHPCnMzbCaiYVb23497-cbn-1-spd-b.wav,0.10392186
/home/stuart/coqui/notkw2.aug/njR2Z5acSqxAddG8KtFmJPKKSt5qrVEzXjLAtgL492635082-cbn-1-pit-t.wav,0.09405582
/home/stuart/coqui/notkw2.aug/JCoKzk96NLwjNFiNee5Za5mUQnmb2x8E7JMBxUf37hFr771-cbn-1-spd-b.wav,0.08763597
/home/stuart/coqui/notkw2.aug/SY78BrctGyEtNWYU4s6jNLDG8HpzacVShNZFaSK2Hgwb20820-cbn-1-tem-b.wav,0.08415766
/home/stuart/coqui/notkw2.aug/LjYCvv58FTp3VGdKZbq9o94VH6yvm4FBTXyNsmmnt8mq6526-cbn-1-spd-b.wav,0.07768068
/home/stuart/coqui/notkw2.aug/FNrvNqZmDchkDvECyMFoNmSVhJZKZA7CGAsP5GLkK6s425299-cbn-1-pit-t-b.wav,0.0716261
/home/stuart/coqui/notkw2.aug/hghax64EQPGyyoEmPyAKNc5jCcayFUyNmRd5WGU5qEeA11513-cbn-1-tem.wav,0.06733547
/home/stuart/coqui/notkw2.aug/S63G7W4y3aDVmkRiiUmCu3HUtR2wMEws69i9V8iMo9pz25234-cbn-1-pit-t.wav,0.06651952
/home/stuart/coqui/notkw2.aug/E5JyE4LCFDn76BEqiDgqyuMUEgQFZbSJsTmKQrj7puxU24736-cbn-1-pit-b.wav,0.06525759
/home/stuart/coqui/notkw2.aug/ZDWjtqgBLzgjju8ccaxLfYFdkhPBhm45LKjMVuBVFsjJ16927-cbn-1-spd-t-b.wav,0.060610592
/home/stuart/coqui/notkw2.aug/e4iAxKDWLPATZrC2LZsGC7CMJMkqS8Rfwy2pLmQnsN8N24968-cbn-1-spd-t-b.wav,0.05512368
/home/stuart/coqui/notkw2.aug/duq6bjpx3kWckBXNVqwcW8WULZ4CWGWnJtqkVyhP4V9v24215-cbn-1-tem-t.wav,0.05208284
/home/stuart/coqui/notkw2.aug/bG8iVSqvHo85qEUk7DaNYWTpvPKasEViaZVxqYoBPEyC15440-cbn-1-tem-b.wav,0.051365927
/home/stuart/coqui/notkw2.aug/M8buFrb8DFUnf8k7gDEZLcmUNfVEUYSqHN8YRMMovPkW24065-cbn-1-spd-b.wav,0.04951056
/home/stuart/coqui/notkw2.aug/9ANVXjmGEq7dVT5JogB3twcsUKsyyyFN3HdpkHmTPcyn756-cbn-1-pit.wav,0.04801811
/home/stuart/coqui/notkw2.aug/gfmwHNS3dDEhSWzGNhwvovm5GJNEwQ82sHBoBTfnsf8p362-cbn-1-spd-t-b.wav,0.047578484
/home/stuart/coqui/notkw2.aug/KfdEXETTufVo32r7YZrzwvF5xMVBjHdy3BKnu7Ec9DVW10686-cbn-1-tem-t.wav,0.046957776
/home/stuart/coqui/notkw2.aug/YVnjXNMhZsxGLWtNrBi59pXtXkdGBiPJQHXK2vuyN3eG9268-cbn-1-pit-t-b.wav,0.04568645
/home/stuart/coqui/notkw2.aug/7X3xYna73YBJmtvxaXrD3cRtM3Doy2Ut9DRvQEt8zEYu38429-cbn-1-tem-t-b.wav,0.04483627
/home/stuart/coqui/notkw2.aug/ZzEUdDU63WbYbGdHbfF8URHVxF4ATgpXzD6ZxJgMY8W519165-cbn-1-pit-t-b.wav,0.04415072
/home/stuart/coqui/notkw2.aug/6GzU24fxJxgZDWHguyR5yhB7xwNmQACgjjz2D4t8w6RE10639-cbn-1-pit-t-b.wav,0.039035715
/home/stuart/coqui/notkw2.aug/R9rrm9PmbWLZ7hP4pGW2HCjD9CJgHnfSemwCBpkt8npf5526-cbn-1-pit.wav,0.03624835
/home/stuart/coqui/notkw2.aug/kxBmoLEXhcKH2UTiFeXsrUVnP3QNvjMwM9Dzbj93gFVp5008-cbn-1-tem-b.wav,0.035968952
/home/stuart/coqui/notkw2.aug/gQKiUFGs5Ffib62rY6qXjGLCk5JEJSp6efw9QjNrGNjd13988-cbn-1-pit.wav,0.035644367
/home/stuart/coqui/notkw2.aug/KbzdcJ2R2GK4z7sVAHLjBHSZiZSNpLZSxkpFsxzqHJRW38378-cbn-1-tem-b.wav,0.0332385
/home/stuart/coqui/notkw2.aug/Z2DaV4sZ5KcCDxsfSjfLXvdTpsqPzTbp9gqa3Eucerqg5641-cbn-1-spd-b.wav,0.03297193
/home/stuart/coqui/notkw2.aug/ekG3DTxTAjw8U8rYJ9wBGCEj4P7tosdzxCmn7UPyXLyX25581-cbn-1-tem-b.wav,0.032866444
/home/stuart/coqui/notkw2.aug/hu6vwVv2KHWWUn5n28c8HfYfdsuodQxuGWpxYaApc4Cp21425-cbn-1-spd-b.wav,0.030914724
/home/stuart/coqui/notkw2.aug/Cmm33FmbomqBEe5ptQpCcsFRrPEAqCgwQCtXDnURtjDs10558-cbn-1-spd.wav,0.028723612
/home/stuart/coqui/notkw2.aug/Har6Rt3ykEmMHVdbfkcmAwLGJHVkpW8rRmWkheShVpje38375-cbn-1-pit-t.wav,0.028000455
/home/stuart/coqui/notkw2.aug/UfLHeTKziDYckkMukm4Y6hXKzFYM5crZ8HuAbN8AAcB69750-cbn-1-tem.wav,0.026385944
/home/stuart/coqui/notkw2.aug/Wj9irbxH8VMTDWmHZjrd6RjJCqfZ2duGDSiFsbVCe6u914260-cbn-1-spd-t.wav,0.026116082
/home/stuart/coqui/notkw2.aug/AnewadSaVFtwMig8yms4vkUzCRqtGTYSxDx5hCMaThtK29441-cbn-1-tem.wav,0.024932489
/home/stuart/coqui/notkw2.aug/QLTQZwWdY3giLgiZauxhXyUcyvacDeo9pqWBN9PuEND613106-cbn-1-pit.wav,0.024633637
/home/stuart/coqui/notkw2.aug/XC3dnpcJDnFgZqZ84MsSADbzkZmC2bfXSwqXwnufSGSy1595-cbn-1-tem-b.wav,0.024570605
/home/stuart/coqui/notkw2.aug/VrBg9ruDVJV4fJ8x77WAkLA6HctLjkgfrNzpNBXEsbbh29531-cbn-1-tem-t.wav,0.024021158
/home/stuart/coqui/notkw2.aug/d2mKes2AXN9xFft6TwwQSuf5ajCWRdKh8veep9GZBXRf24837-cbn-1-pit-t-b.wav,0.023764472
/home/stuart/coqui/notkw2.aug/a8B2iTvFNXbWoN3XEeQU3FMaUUh9MJrQXw2Yaa3m4g7B36488-cbn-1-pit.wav,0.02360303
/home/stuart/coqui/notkw2.aug/bwmQvFmxSN8SBrj8KV2nj7CefUBCtMntfU5eWeitpmkt24874-cbn-1-tem-t.wav,0.023442851
/home/stuart/coqui/notkw2.aug/VPk65xmBUsE8G2Ja4aye4zekMuvpdMXAyjzRff4kduTR5062-cbn-1-pit-t.wav,0.022550628
/home/stuart/coqui/notkw2.aug/8Hh6DNCziZVBYYDcFPmv7sSCYNVt2Y9RvPvh6FZXQei438430-cbn-1-pit-b.wav,0.022261085
/home/stuart/coqui/notkw2.aug/5tX7Gg3wLdRuVjuQhGtUn2N7nWNVkcsu6frHubdgYdaP33809-cbn-1-spd-t.wav,0.021967422
/home/stuart/coqui/notkw2.aug/8kQxsicffXPXNmyA5BWBs2KVasHCHnnZzbaAi9Gusz7K24198-cbn-1-tem-t.wav,0.021787932
/home/stuart/coqui/notkw2.aug/Le5o7ULKpf5RNwFxqDjzBGhikQdjh4AaYaZsc3XEh5Jp25256-cbn-1-pit-b.wav,0.021380464
/home/stuart/coqui/notkw2.aug/6ADdTWE29WpHFBmFcPWKSegocjohJwvC8KtAnygXs3Jq18460-cbn-1-spd-t-b.wav,0.020992015
/home/stuart/coqui/notkw2.aug/HbAzjpNjwF8dUAM2MMqGbxHMouFpnGyanr5mTG2uPFqh33897-cbn-1-tem-t.wav,0.020248728
/home/stuart/coqui/notkw2.aug/XLs8VnUsJByMqmMY2z7U9LG5mo5eviRQN2a2n3sQQv9328090-cbn-1-pit.wav,0.01961682
/home/stuart/coqui/notkw2.aug/dZ9GBtKfm3jh5rsG3HPsZafrkchbpSfwYMYwMiEeqGNZ15823-cbn-1-spd.wav,0.018944327
/home/stuart/coqui/notkw2.aug/CGxhNNrg3nnhyuTvFvVqCJYgdtaMPgVpnDjehSnk3iFf22105-cbn-1-spd-b.wav,0.018913066
/home/stuart/coqui/notkw2.aug/CLksxeYnvxnRYqfDkF5iAigFfxKR2EBg3x5c5BKoG3gs18818-cbn-1-spd.wav,0.017833665
/home/stuart/coqui/notkw2.aug/FQJ3kJtB2jLdxDt2PMhs6pBfkLnazSMZQBsb3vw9bTZy23266-cbn-1-tem.wav,0.017436266
/home/stuart/coqui/notkw2.aug/8cQC8TKDAjAsyt94hPtfKUHoaGY5VCTDdkbiE2pnZv73672-cbn-1-spd-b.wav,0.017315114
/home/stuart/coqui/notkw2.aug/SiSEdQ2akcNLrtopYu8dfo5SxDDDT2rRahcyHXra2iu518444-cbn-1-spd-t.wav,0.017109217
/home/stuart/coqui/notkw2.aug/SXszoCMV9iwzoUCrKSLqAQ65ZBbPCJhFnYKJzfi7sCj55110-cbn-1-spd.wav,0.01623599
/home/stuart/coqui/notkw2.aug/TiGEJxsWpyZmbMVFBER8K5ccEXfhT3Yqeg5dLKgFhxW824795-cbn-1-tem.wav,0.015809828
/home/stuart/coqui/notkw2.aug/eritJ33eyr6KnEeveqjw8GRkgqJYq3EKydQnNBCyCwmT15495-cbn-1-pit-t.wav,0.015519972
/home/stuart/coqui/notkw2.aug/8x4XjEXigtWnsn2NfqhHMUBayqpuvqPjnLARrg6MKZdb27690-cbn-1-pit-t-b.wav,0.014619101
/home/stuart/coqui/notkw2.aug/9MNQHzNjC2W3Fz7GSeZhpPEiwXcVQPXyeHtEq2WW8LAQ785-cbn-1-spd-b.wav,0.013278537
/home/stuart/coqui/notkw2.aug/CWQyUJB3JSmBscKZyfMeeqD5iRrHMuD5qisRFCtugnkC2152-cbn-1-tem-b.wav,0.012925808
/home/stuart/coqui/notkw2.aug/krQXt6KawkKmYDEAKcfTwgnzxtfGvmjfsT9VxkUxUn5p29729-cbn-1-tem-b.wav,0.012646385
/home/stuart/coqui/notkw2.aug/TKCfyyeEbJudyAjKQcGg2ijGkyw8p9oVTF9AFG3PFmfS26786-cbn-1-spd.wav,0.011855383
/home/stuart/coqui/notkw2.aug/ZeaVMpZ9NNhXD9YZxyKsKxNaGrd8jczBdcTpegebTHV236587-cbn-1-pit.wav,0.01173413
/home/stuart/coqui/notkw2.aug/gR7X7Q92TX3qAuCsGki5DeFpkPwNHbCMUKDugduefJZW9087-cbn-1-tem-t.wav,0.011486862
/home/stuart/coqui/notkw2.aug/g9zcrwavZBuEvJQhhoTcKx99pvPzPW4MSqPJayaD89hk405-cbn-1-spd-t.wav,0.011116456
/home/stuart/coqui/notkw2.aug/NbExaWUfcSpvf4arPGdBTeK8RoqgVy2LQkRCYDxFb55k9937-cbn-1-tem.wav,0.0110189095
/home/stuart/coqui/notkw2.aug/hRpsbgqvQxu4MkGKxEsnt7GDmBuYMwARhma9aLjb99PJ29389-cbn-1-tem.wav,0.010993867
/home/stuart/coqui/notkw2.aug/nBjqAgjvhgR8AEsX7UPPnaC5acGjRWZGhfhbMqhGfWah37029-cbn-1-pit-b.wav,0.010947431
/home/stuart/coqui/notkw2.aug/Z8YHaan2ohi8RymeDNBbrXbA79jfrLhEgLiLDAeRQNox10252-cbn-1-spd-b.wav,0.010929929
/home/stuart/coqui/notkw2.aug/LYbPP4FV3oKivJPSgh5jYmAyuvR3uBHPyeLhMX6z8dBq15386-cbn-1-pit.wav,0.010861474
/home/stuart/coqui/notkw2.aug/DyTJVAwkg7WK2FuVTm6AqWAew8KakdwjARYKaLVBBq9B5393-cbn-1-tem-t.wav,0.010675309
/home/stuart/coqui/notkw2.aug/AoStTve4KjiiCJGDbV58fSYBFwLJQz4gNksgx7Npu9ej15384-cbn-1-pit.wav,0.010382539
/home/stuart/coqui/notkw2.aug/V7Q76kaCzyMck8LzWi6wgrMvg4BdZcaKzuNoW6e2eLGq18430-cbn-1-tem.wav,0.010315198
/home/stuart/coqui/notkw2.aug/ZiYVZ2UjNsMyFnEnForWJxKBRSQ7G2nmM5qrvLViTREM5047-cbn-1-pit-t.wav,0.010208233
/home/stuart/coqui/notkw2.aug/QHvYs6SXy36TsM5AY4KPaoHwYK4g8JNjmKQHR3gZGyRy20103-cbn-1-tem-t.wav,0.009975672
/home/stuart/coqui/notkw2.aug/kpwRhyzwuCrjPoMckw5eiRixsKC7EYNeuZPWbw236gnE4658-cbn-1-spd.wav,0.0099224895
/home/stuart/coqui/notkw2.aug/BCoiWSGJzC27cHDAqYxvubAP8q2khkngYTL6oQW8h46X27752-cbn-1-tem.wav,0.009545174
/home/stuart/coqui/notkw2.aug/3FRRiypk8qE6rKsw6wsgXhhdHdcz3sas522okaTuayMX4160-cbn-1-pit-t-b.wav,0.009480222
/home/stuart/coqui/notkw2.aug/cfS5aEkP4MWFs9YMNRSXkBBDM4J7UwFm54ss4Hu2X2XV5758-cbn-1-pit-t-b.wav,0.009365972
/home/stuart/coqui/notkw2.aug/QXg92SH9pBBU7mcxu6givdSbapyWFCo7DQrJrU6Js78x20116-cbn-1-pit-t.wav,0.009338159
/home/stuart/coqui/notkw2.aug/mte5QbtkqcbaxtSwaHEidCL7FY4xs5ZWzPxszpFu2gvb27750-cbn-1-spd-t.wav,0.009295986
/home/stuart/coqui/notkw2.aug/BbmDiCna7yDzgrwRR48wreKEampM8bKdGVLrMuYZdMoj13151-cbn-1-tem.wav,0.009199023
/home/stuart/coqui/notkw2.aug/f9w9zf8dpKi5KGbdJzD9Vb6C52fkAzkK8rxyjGPRpYWC3825-cbn-1-tem-t-b.wav,0.008659202
/home/stuart/coqui/notkw2.aug/49QeThZrMBitKUS6knQQiARJx8SXGkjfvPS2f6sKmV2c25390-cbn-1-pit-b.wav,0.0085099125
/home/stuart/coqui/notkw2.aug/k6RrgSCDm7ocdZFEeKCjFxeKgZKNR8A6uW9ZWPAWMq5t30220-cbn-1-pit.wav,0.008312054
/home/stuart/coqui/notkw2.aug/d6HKfq6J8xFj7279RqMNc5DUXsRnsHCCRefJ88Df2H7r26898-cbn-1-pit-b.wav,0.007896116
/home/stuart/coqui/notkw2.aug/JP74SxiwfGxHvTx42Jh7oWRjGKFJXD2hmC3LSBba95QY436-cbn-1-spd-t-b.wav,0.0076148612
/home/stuart/coqui/notkw2.aug/ijUz8hwgXppMuPCmqtwetYgy9zPXXyRjBSTq9YQ6JWCb344-cbn-1-spd-t-b.wav,0.0075883875
/home/stuart/coqui/notkw2.aug/cPVj8EMpvcHpHxugfisPrFFnQHhmWfkZqvCpnkd3Qtdo16165-cbn-1-spd-b.wav,0.007579651
/home/stuart/coqui/notkw2.aug/msMHzZG5UbccWuHqMHZnPeECRX3fJPMU5naAvsfCK73Y2293-cbn-1-tem-t.wav,0.0075624487
/home/stuart/coqui/notkw2.aug/JrwisV5keVExTRpEPUtA7fhHCh4GizVFeczCijBw7oQe751-cbn-1-tem.wav,0.007522488
/home/stuart/coqui/notkw2.aug/2RXo8Bz2qEFdiU7TDCuWzhZY7ZNV38HRzXqX4rcz3diu762-cbn-1-tem.wav,0.0073671676
/home/stuart/coqui/notkw2.aug/6Ti2zBf7d9vqcVhUdibjsmfcfZuYrdCssVgCAJVezKdP30913-cbn-1-spd-t-b.wav,0.0073297992
/home/stuart/coqui/notkw2.aug/KrvAgsoDmsZKro7QkphVR8KLAKW3ZPjBEdP2jvZ8zzcZ38428-cbn-1-tem-t-b.wav,0.007101888
/home/stuart/coqui/notkw2.aug/WaUGh7LZHGgpivEYvPXByXgF4Q4xmXaPVazw38KxRosB10372-cbn-1-tem-t-b.wav,0.0070543247
/home/stuart/coqui/notkw2.aug/R6L3mpDy9gSGdinCZewsvtLKeagXfUwCsy7oQEUxGVRk22610-cbn-1-pit-t.wav,0.007041022
/home/stuart/coqui/notkw2.aug/epinTiTnyjkZSmsNzfH886Y9m9Gw2FjmcX2Q7SkgU83p24263-cbn-1-pit-b.wav,0.0068587284
/home/stuart/coqui/notkw2.aug/fHxQp6ELbgvzsxtGfSgBAXfuhD5UYrhh9MSdjNWDMiFf27948-cbn-1-tem-t-b.wav,0.0067966594
/home/stuart/coqui/notkw2.aug/WeApAUtwaBMJnayYmYYry2TCbeFhV9PXL8tibaAtBm8A19689-cbn-1-spd-b.wav,0.00666716
/home/stuart/coqui/notkw2.aug/7uPSA7bPprfoThheiyzZSCAsLBnWpB3qsXoBEsZbxkaP13939-cbn-1-spd-b.wav,0.0065546865
/home/stuart/coqui/notkw2.aug/4PuQvNfhmDxikpAaKn6grXALZMq3E9RQtaifkM8F6zD218039-cbn-1-tem-t.wav,0.0064976546
/home/stuart/coqui/notkw2.aug/P7BhZz6NLMGbQ9iQpciJyLL5w6aZfqpqw2r52dbKuvgH34525-cbn-1-pit-b.wav,0.006422242
/home/stuart/coqui/notkw2.aug/5LiQweMPPvRTgxaptmYBCkTQ8c6jeBKEGBDqWLt8Ftr510266-cbn-1-pit-b.wav,0.0062935567
/home/stuart/coqui/notkw2.aug/fdzaxo9FP7Zbb2Yp8ZduPG94ZzB8wHCivx2Ue4oCYAkC16838-cbn-1-pit.wav,0.0059629474
/home/stuart/coqui/notkw2.aug/Wtro4D6v7qtgdgV2yhcipe4Rvg5DcJCkFV4BfxaVrYvJ36183-cbn-1-spd-t.wav,0.0058935364
/home/stuart/coqui/notkw2.aug/ctrChVcGLi4hX5dWj9hLcJ9X9RtUPAcGxi4BM4KY7KAM38464-cbn-1-pit.wav,0.0058593675
/home/stuart/coqui/notkw2.aug/iGhgz3Z6mpFZ5zJvXNbgWchELdyLehK6kzn23vkAhU3816159-cbn-1-spd.wav,0.0058318297
/home/stuart/coqui/notkw2.aug/keswQmB5sfq5TkTpM57fxvCgEySv9qf7Xoh3EVoLm77B5244-cbn-1-pit-t-b.wav,0.005777584
/home/stuart/coqui/notkw2.aug/Qn3AoXChwehnqgn7G35yYX6uCvf2x22jes9LLp4hoZi417127-cbn-1-pit-t.wav,0.0057765585
/home/stuart/coqui/notkw2.aug/eKU3XW8kFb2tFYVuW8SekFigwA22MAWnR2dbJ6AC4Mo74269-cbn-1-tem-t.wav,0.0056845066
/home/stuart/coqui/notkw2.aug/ERKoSY5T8gdEq5tjewW6wuTyFBf7veLvv7Hkgfmo5Yx314690-cbn-1-spd-t.wav,0.00563685
/home/stuart/coqui/notkw2.aug/SrC6KyjpV5gSEyWyFxDqjJaZ9HBzD6RYRcAciyQAaVCH5848-cbn-1-tem.wav,0.00559364
/home/stuart/coqui/notkw2.aug/krCRxmSJ49vvKyJR7Ga3vReWNXWomtoFrP5bQxjzRewX6022-cbn-1-tem-t-b.wav,0.005489164
/home/stuart/coqui/notkw2.aug/inyjVFxjEAuQLDsBikDpbvExunPbbxJhSCyLt8bgFR5u24224-cbn-1-pit-t-b.wav,0.005131696
/home/stuart/coqui/notkw2.aug/2NgPbZAfqFASi95angXxwyYLshLsddy6u3LWGsWVBEaD12200-cbn-1-pit.wav,0.0050690183
/home/stuart/coqui/notkw2.aug/QyceoD4R9sZVwBjGfK7Fed4sNSuZSQCMhHwzFUzKcQQC315-cbn-1-spd-b.wav,0.005047159
/home/stuart/coqui/notkw2.aug/WFXjXtZqrfTNbwy3HzvpBTGxMaFweyUi4qgiRKGU66Ke23780-cbn-1-pit-b.wav,0.005030005
/home/stuart/coqui/notkw2.aug/Cw24adMWNvKxbDbBx7FgxCjvqr5b7xnKvBV4YE9soUeV5341-cbn-1-pit-t-b.wav,0.0049238754
/home/stuart/coqui/notkw2.aug/mdDji6XcCpAUqnWKQNCL3sAT8LyYq7bs6P9tQrhG8zmD32498-cbn-1-spd-t-b.wav,0.0049220817
/home/stuart/coqui/notkw2.aug/3T2SyQVJMtetrZ2i7vUz7o5tuATkNwccf9eemLbThZyr33403-cbn-1-tem-t.wav,0.00490831
/home/stuart/coqui/notkw2.aug/Jn8ruP6DV7ykHmgtsRb9gLW67f4UqSzfeAbVTXAP88wB905-cbn-1-pit-b.wav,0.0049030106
/home/stuart/coqui/notkw2.aug/9KG7aztHLL59qDMVsKXeExFKWZhDGYeS8sZm6w6ctG5c14074-cbn-1-tem-b.wav,0.0048821876
/home/stuart/coqui/notkw2.aug/4wZgEheDxWoYwSzTfXb9HcanAVsoPmZZ4XU7WuJmMwrd22399-cbn-1-pit-t-b.wav,0.0048703225
/home/stuart/coqui/notkw2.aug/fX6JgMEjMq8k48NYERQwRqidKdjiwcPSJ3mZTjomXvrC24450-cbn-1-tem.wav,0.0048069875
/home/stuart/coqui/notkw2.aug/b8AJrzimmQfy5D9oZHUQKr9RhXxgBK6TrybA8HtsxLDk1575-cbn-1-pit-t.wav,0.004787402
/home/stuart/coqui/notkw2.aug/7snyP2sFvRX82osEWTy9oXe5de88Ym3WdZ4bUpuEBg4M2236-cbn-1-tem-t.wav,0.0047712224
/home/stuart/coqui/notkw2.aug/4W7dGuWAaVR7pYzCaMuT74Y3oZjAqvgoy8xH4sjwE32V36177-cbn-1-pit-t.wav,0.00472237
/home/stuart/coqui/notkw2.aug/MpcQNd6WEogsdRYsVFBCA4NALkP6qJgVEy5E5N9j5Gs735045-cbn-1-tem-b.wav,0.0046297684
/home/stuart/coqui/notkw2.aug/3fNmEnM38KjUU75somfojTHrYhyDLgbykcLgTTbTSaAp5167-cbn-1-tem-t-b.wav,0.0045505757
/home/stuart/coqui/notkw2.aug/BUEtWyiYrjwXUiVqHHVG6dDLpQmcSbBMoueVXF63H5b322974-cbn-1-spd-b.wav,0.0044795605
/home/stuart/coqui/notkw2.aug/cTPX9oF2FjTEmZoB3wWg3MVz2rgK42VgCaDA7pLNGxkp18679-cbn-1-tem.wav,0.004336167
/home/stuart/coqui/notkw2.aug/Y9jAwwargcK4ZUnowJ6kn58Dou5oGr2qqTnSLXfLkJBW1558-cbn-1-tem-t.wav,0.0042706183
/home/stuart/coqui/notkw2.aug/UboX3Siwm58zJqqRMVt4JpbmbZgoBW5mVRdyWhRmGKC51236-cbn-1-pit-t.wav,0.004216382
/home/stuart/coqui/notkw2.aug/7oBQhxCrViKr8yVFsPVp5HUDoNDjbXSsi3fRs4972iXY6716-cbn-1-spd.wav,0.00420656
/home/stuart/coqui/notkw2.aug/USnw3JeVHn9t296u4DDRVtcNDCY69kVaW8Dxav7VYuA214404-cbn-1-spd-b.wav,0.0041966047
/home/stuart/coqui/notkw2.aug/EX9SUTioYFQBSVYL5i9NMvGpn8nE2XFL5X2ifBPSxyqs22750-cbn-1-spd.wav,0.0041879984
/home/stuart/coqui/notkw2.aug/gBQtJBSycSd99qbWR4BL9S2A6gesLuQZuD3asnZ2wYix37732-cbn-1-tem-b.wav,0.0040892335
/home/stuart/coqui/notkw2.aug/gniBfYoV2mUnUd4bsrQNK3BVVcFB4vFhqjNwzrAuzBgv24652-cbn-1-tem-t-b.wav,0.0040199547
/home/stuart/coqui/notkw2.aug/GNupCGFhnX9zfhRDKtowbQCHcvSzgAs8gmXfrc2h3N3o20535-cbn-1-tem.wav,0.004005718
/home/stuart/coqui/notkw2.aug/izKfkkVowPr7SxEpbaZJQy7CVKAyVwRFa2LYdNoxXpU235506-cbn-1-tem.wav,0.003973321
/home/stuart/coqui/notkw2.aug/gPN6ojopZkg9AcMWakh6fDSaLwifGjwbTB9W27E5aHif10244-cbn-1-tem-b.wav,0.0039437315
/home/stuart/coqui/notkw2.aug/5BSrLZ6pa5bLEAig5BN8aD2fAamr2soeNZALJpu2sAFn31337-cbn-1-tem.wav,0.003924752
/home/stuart/coqui/notkw2.aug/Umtb6gLzmMBSRikVqVdqZdo7KiQarshv6GFHaS9uGcWP16125-cbn-1-tem-t-b.wav,0.0038672632
/home/stuart/coqui/notkw2.aug/fZpZTMzST5fPRXp7efWd8vWp7xB3hD4ZtEdsQddsP2bF35666-cbn-1-spd-t.wav,0.0038617735
/home/stuart/coqui/notkw2.aug/3HqCpMvBeSebc6TecgZdsaUnPqVwwYbAunpgRxYyvRun6026-cbn-1-tem-t.wav,0.0038473038
/home/stuart/coqui/notkw2.aug/dKCCGZRUsDjgV6yR6ipTBCTj7g5TGn59yh7VmCbbpJCh38475-cbn-1-pit-t-b.wav,0.0038372108
/home/stuart/coqui/notkw2.aug/f7AM6rZ3WS2fB6Xr4HhW4Sgv7vSxYSiqHZpAaQeirgEo1827-cbn-1-spd-t-b.wav,0.0037346655
/home/stuart/coqui/notkw2.aug/WggZrq2oDx78n85PpErvfYAHJXtCRSUHWDXhkZGwQurh34040-cbn-1-spd-t.wav,0.0037105996
/home/stuart/coqui/notkw2.aug/FBxyWWeRVYgHh7UCf56mPL3yKGY3M78w4Z3EdAdyKv4T13694-cbn-1-tem-b.wav,0.003705867
/home/stuart/coqui/notkw2.aug/TKPTA6Acouw9G6FduBrHgyazxChEhYCrMsa8WvvATQmf786-cbn-1-pit-t.wav,0.003697662
/home/stuart/coqui/notkw2.aug/oYjC72FwQ6MxLQkRqz6jUG5KfsBExzuMNAMBRsJK6aFd32858-cbn-1-pit.wav,0.0036107467
/home/stuart/coqui/notkw2.aug/RaGdXZdvV6C97T2o9tLsqvW4vjaXtSRkdsXWfGfg82UE10939-cbn-1-spd-b.wav,0.003606074
/home/stuart/coqui/notkw2.aug/TRmJXy8mpQ9kCBZeY3aimcTKoaJLpnWLWAAKNeQsaxbp15523-cbn-1-spd-t.wav,0.0035964977
/home/stuart/coqui/notkw2.aug/BXL4ZKDXABAkDEwsfEcDYBDt6QVujKNFvFmV6pENfFZW879-cbn-1-tem.wav,0.0035322716
/home/stuart/coqui/notkw2.aug/TGTkJ3ZCvhPXGnowbXUC9RWDoaEfPkbUPFo7QmETF4sW38391-cbn-1-tem.wav,0.003521406
/home/stuart/coqui/notkw2.aug/ZJ7AdpGpJwMGumd2nPuZN2aczCTZfQxfKPsHCdMZcKN533487-cbn-1-tem-t.wav,0.0035042926
/home/stuart/coqui/notkw2.aug/7SYf7wg4gi5sbKtCVanwKvSMsU8xTaSncwKATZUwGMUr22560-cbn-1-pit-b.wav,0.0034880629
/home/stuart/coqui/notkw2.aug/deFGkFNSWrFUCNHqQd43SugqGnjRGXvG8jFdTtXW9dGJ21493-cbn-1-tem-t.wav,0.0034878394
/home/stuart/coqui/notkw2.aug/JatDxemPE5DVZwvDFRdskXazMFb93jEctKJxY44KEZZm15524-cbn-1-spd-t-b.wav,0.0034870591
/home/stuart/coqui/notkw2.aug/dggcNm5dz8Lk7v62Y6BCLtbKEcR2jBkaPoqZL84rMdJx36487-cbn-1-spd-t.wav,0.003448631
/home/stuart/coqui/notkw2.aug/SaqVthaHNQLPTNjMei73bsQ7i4efdXLJhxE5UUgHpRyk24985-cbn-1-spd.wav,0.0034153522
/home/stuart/coqui/notkw2.aug/i4EUgcikfa73b7Rizframmnmw46RAS3SRE7yG2cGmYUg1672-cbn-1-pit-t-b.wav,0.0033167647
/home/stuart/coqui/notkw2.aug/ZfuFMvTfkdZc9ddXb9mgpxHNg6TehNpr6jEeBCg4MSKd38447-cbn-1-spd.wav,0.0033143845
/home/stuart/coqui/notkw2.aug/GQRt6Pvsn46Q7iwpVYtfUSRKugsVsZYopmwSYqNfeVmp15752-cbn-1-tem-t-b.wav,0.0033000105
/home/stuart/coqui/notkw2.aug/4vE9EzGKpN4cg53v4j5Ji7QFPjSZKHsw8VzbsudKGaY838224-cbn-1-pit-b.wav,0.0032785153
/home/stuart/coqui/notkw2.aug/NyV6K2Hzxr4fzGRPbeSUgAUXVAdjBz3qPkYasQ9XFQks36308-cbn-1-tem-t.wav,0.0032542904
/home/stuart/coqui/notkw2.aug/NfKi33G8dw84yJVE7sopp9EfVEd6sn3hbKmjatoDKfaC10369-cbn-1-spd-b.wav,0.0032446112
/home/stuart/coqui/notkw2.aug/ZBZkneN5my4gHhwkT8FsbZXeUnDetG4dTmDdqQ7Ng3xf13956-cbn-1-pit-t-b.wav,0.0032190788
/home/stuart/coqui/notkw2.aug/9bnp2SjXkfSu2utsiaJPuPkZh5dE6wHcuqfq82VU2cwb28234-cbn-1-tem.wav,0.0032141537
/home/stuart/coqui/notkw2.aug/Nj2xm3rx6NtGumu66RwbP3akpLfXwe2xKLLgJR9ENNuX236-cbn-1-spd-t.wav,0.0032053208
/home/stuart/coqui/notkw2.aug/DsXnYRUyZiEvMa8zXURYnnAvAzre8gMaB85qNxUvTyZJ25053-cbn-1-pit.wav,0.0031957908
/home/stuart/coqui/notkw2.aug/R9xauxhcSBCDtRLEKUhqTDXb69wmpsQwD3vwa5RwxEUZ772-cbn-1-spd-b.wav,0.0031916464
/home/stuart/coqui/notkw2.aug/BuMhdRWQrtt26Lu2rvptW8Leh2atmu3U3wiKGycuujfJ7153-cbn-1-pit-b.wav,0.0031893232
/home/stuart/coqui/notkw2.aug/iJeQM8Qk8gg3yi7SYdXfnU34nXubZckUZzkbkYT3zoaX33454-cbn-1-tem-b.wav,0.0031856152
/home/stuart/coqui/notkw2.aug/CewUuText8CEQcop5hbVLtiXUceQNqCvqMFgbacRg9na18646-cbn-1-pit.wav,0.003182324
/home/stuart/coqui/notkw2.aug/jvQLph9yp5sLdD2sAZ9siyYrBSHGgfbLPS7k5LAgkA7j18237-cbn-1-tem-t-b.wav,0.00312728
/home/stuart/coqui/notkw2.aug/h7JCTFN2XW23nQyU5FB5zpjx5SSCBJr2ssWCo3SEj7DH33688-cbn-1-tem.wav,0.0031129366
/home/stuart/coqui/notkw2.aug/XsRDDbqjRoxTPn79HYBzAYdMFBDyND7xEsJjPkziwipB14228-cbn-1-tem-b.wav,0.0030746032
/home/stuart/coqui/notkw2.aug/cqzuMCDJq9t8jv4DkasrvJFXvJHJXRVDNH7a22yxb4qZ17268-cbn-1-spd-b.wav,0.003073089
/home/stuart/coqui/notkw2.aug/QF4QCounfYsgSL5SgbEKTYoTcY9qLsNNYZ97mGoYPyMj37272-cbn-1-spd-t-b.wav,0.0030456919
/home/stuart/coqui/notkw2.aug/Kwg9bwLqRb4imaC5Z2DYVF5hChf574GYFQWAPqmx6ka65170-cbn-1-tem.wav,0.0030256084
/home/stuart/coqui/notkw2.aug/F25YPyYKe2nCxi3Bdz7SACj3UZWSSxQmSkqi3uaKSDMJ5190-cbn-1-pit-t-b.wav,0.0030151214
/home/stuart/coqui/notkw2.aug/SnBjDCWJ9jYawoFvkybWn7GfHUhpzsFTttqhKfjT54Se32457-cbn-1-spd-t-b.wav,0.002958969
/home/stuart/coqui/notkw2.aug/cCaUiaw8s6s2VhBPRyoWtQgsEVJpDEp3eErw6LhwAHS733192-cbn-1-pit-b.wav,0.0029335371
/home/stuart/coqui/notkw2.aug/YrMJ3fetJFGgoouJGQuokWXTdUTVYjevBEJfWCGvXdYs11508-cbn-1-spd-t.wav,0.0028980568
/home/stuart/coqui/notkw2.aug/PyUdcpMg8MsnMV4UF3MYHmTNCh5VDveSsFvANHQZ7NHE442-cbn-1-spd.wav,0.002894184
/home/stuart/coqui/notkw2.aug/3qtSp89V7z8q7H4g54yMGuTuvWC4JmS5FN7CcS8m9xVn12455-cbn-1-spd-t-b.wav,0.002858358
/home/stuart/coqui/notkw2.aug/TMWiWuUUbdc5aMBm3T99xTmeoMXmNjjaF4Uwgq6dNWCa16480-cbn-1-pit-t.wav,0.0028554033
/home/stuart/coqui/notkw2.aug/ev9444iqPYkMCFLEFM3KmEUpJZqxHarpY6UgBGaGhjri27400-cbn-1-tem-b.wav,0.002744377
/home/stuart/coqui/notkw2.aug/MsKHHtgJ2eTTy2CiNiyCMqdkhY8MFUQqGECG5L2AmXpN6750-cbn-1-spd.wav,0.0026685004
/home/stuart/coqui/notkw2.aug/HnEZiC3AbC2G7k5NYHAUTkDjbJMJSbVENhtdiZUpd6fP32170-cbn-1-spd.wav,0.0026603362
/home/stuart/coqui/notkw2.aug/LtgKHoHFrMUp44nPUftrASEwe8h3Cyo964EiGhbkynpP23325-cbn-1-pit-t-b.wav,0.002654559
/home/stuart/coqui/notkw2.aug/NDHYspVESxGpth97pawCjrM7yYQFVwKnfeRgGtKNgDCj18288-cbn-1-spd.wav,0.0025886972
/home/stuart/coqui/notkw2.aug/fZRiDavKreHNqgWx5wkM7rAM9qXr8zHhfvGegkCckZxo16359-cbn-1-tem.wav,0.002586966
/home/stuart/coqui/notkw2.aug/RuqmSfV28VNGKm9wVCnQ225yfZRjjsWHhVAqPzmUwDAR21379-cbn-1-pit-t-b.wav,0.0025855298
/home/stuart/coqui/notkw2.aug/JPVpDQu2TFdH6AYF4tohgxkY2fWKE3Q3dewhKye2yvZL22277-cbn-1-tem-t.wav,0.0025753493
/home/stuart/coqui/notkw2.aug/mthDBExCH7TbQWhowF73fzQUQ2EQpGUTp8ctTiodcThP16668-cbn-1-spd.wav,0.002534594
/home/stuart/coqui/notkw2.aug/jtHrxogiRtSixdtvUtw68HLiMSURrVPoWD3tPN8vMU8n5160-cbn-1-tem-t.wav,0.0025073707
/home/stuart/coqui/notkw2.aug/kC9o4SYPZzRfx3fKzam5JpGhyoh5BYVToozmVrLfagHR24075-cbn-1-spd-b.wav,0.002468776
/home/stuart/coqui/notkw2.aug/awLvischbhhonMKzmqwJzdZot45FT9JLEkqK5SdxWToC22156-cbn-1-tem-t-b.wav,0.0024454426
/home/stuart/coqui/notkw2.aug/XYSfWSaLLUBJ7cdcxeCjxkLPJcQKEdXkoq2HiTcs99De23567-cbn-1-pit-t.wav,0.002433068
/home/stuart/coqui/notkw2.aug/GBVcC7pECsW3QGrawLvVPWD3HTyKdXdxMfKBXKcYSnhF13905-cbn-1-pit.wav,0.002417446
/home/stuart/coqui/notkw2.aug/gRcd3Ybhc4RzY5w4tASJfYkWvqTKHZDVw9GdbD3yLrDq36248-cbn-1-pit-b.wav,0.002397424
/home/stuart/coqui/notkw2.aug/cZJRxXAQkL55PKC79GYJutWJwrVXSfcc5HfFuuVaKwYy15526-cbn-1-spd.wav,0.002394686
/home/stuart/coqui/notkw2.aug/UYzfCmqKpdQ2TXujchznrxd4t6jCpr2asefpGZRCXPg824232-cbn-1-tem-t.wav,0.0023398658
/home/stuart/coqui/notkw2.aug/NstWiHbbrN6MdUMLQ6hARR2JhCZpRXo2AsFw3p2quyNk30369-cbn-1-spd-t-b.wav,0.0023232237
/home/stuart/coqui/notkw2.aug/Tibm8hJLY8cjQkPczpRziy7PyDLsgTFx3a64GbEJgSWm29686-cbn-1-tem.wav,0.002308424
/home/stuart/coqui/notkw2.aug/82iCqidunFdPvGVBF9ndLd9yah443t2ybB9PJnJYk2aD26639-cbn-1-tem-t.wav,0.002302707
/home/stuart/coqui/notkw2.aug/cbxk9eJpEWMdfqycaZtx5CQSuJvMiFZ7RnPoF2a2AgHW33835-cbn-1-pit.wav,0.0023000923
/home/stuart/coqui/notkw2.aug/aqSUB8HSAUU9uhNmNiQmiBBpDHERZHT3mPFxCKaJcf3Z16673-cbn-1-tem-t.wav,0.0022967616
/home/stuart/coqui/notkw2.aug/kqJ9cfpcqxNDtvyXUYNpMpDwFSpMUrqY4eZ7zamRTmMP6028-cbn-1-spd-b.wav,0.0022588933
/home/stuart/coqui/notkw2.aug/RRBNj2uAt4DNb9tRSS5RQn2FJ28LJwPWqKeFnFMwBhAb10373-cbn-1-tem.wav,0.002234492
/home/stuart/coqui/notkw2.aug/jVSFzy2QfaZzABAs8spJVbgjJyDny7JekiCTUbXFZwFc7660-cbn-1-spd-b.wav,0.002225045
/home/stuart/coqui/notkw2.aug/XXkT8STLAL26cFXeUBS4Vf9WQNXfBYUU8j9mReoKGtNd22995-cbn-1-pit-t.wav,0.0021672861
/home/stuart/coqui/notkw2.aug/iYJ9yyPwy7EaJfsXrBcHLUA27E9cXViiHKDXoyZL2Y8v12997-cbn-1-spd-b.wav,0.0021586102
/home/stuart/coqui/notkw2.aug/X4TyAFxoePWehMDRoKHUKYiJr9h9yAKoaHxEf7GyY2jF7441-cbn-1-spd-b.wav,0.0020818533
/home/stuart/coqui/notkw2.aug/bKzony293X58chqfe3M3R65RYhwhnymBNXYSmfEWX8QZ15873-cbn-1-tem-b.wav,0.0020803383
/home/stuart/coqui/notkw2.aug/d4mbMTpqkAVdyCrVaRczht4mNAoPRDckvevTqKgPsoDP38529-cbn-1-spd.wav,0.0020723755
/home/stuart/coqui/notkw2.aug/azgwjpJD27eFqi7YQoCkwaS3ZL7e8JaVxF5yEqYWphi69170-cbn-1-tem-t.wav,0.0020640902
/home/stuart/coqui/notkw2.aug/FndpRdfrnTkjatxhcMst9Y5HpPjYGDaSKkvp78GQt27o3456-cbn-1-spd-t-b.wav,0.002022468
/home/stuart/coqui/notkw2.aug/BUJ3VBUVVH6H9VwVa5EvaSeEihnZLUrvnCJevfk76ibZ16124-cbn-1-pit-t.wav,0.0020160594
/home/stuart/coqui/notkw2.aug/67RhcziaSuTTC3tjXE6XXdCRBFtowrPLj4H67fZimBFx23653-cbn-1-tem-b.wav,0.0020146412
/home/stuart/coqui/notkw2.aug/8EecAsk6qRgLri8f3nmBD7LyEENNUCpsHA5CqwZy7VAd31685-cbn-1-pit-b.wav,0.0020095587
/home/stuart/coqui/notkw2.aug/YmP3HnCr3WozFRxRqHJRkoGtLF6YXkt6VXriHTMRtm6E17668-cbn-1-spd-b.wav,0.0019792197
/home/stuart/coqui/notkw2.aug/DRADYZ3VWEwaLa7z6hWrHae2fMEM7gjSBzZ2yDKSPmHi5002-cbn-1-tem-b.wav,0.0019768388
/home/stuart/coqui/notkw2.aug/D6Y4jQYPguDjEf5wu2JWKNHuWgKxMYoRStAV4PJ3juXQ31117-cbn-1-pit-b.wav,0.0019481336
/home/stuart/coqui/notkw2.aug/JyVFFWBJC9rgakCYHdYWJw9gWUzc9rSxmWKyKcgjwmde15785-cbn-1-spd-t-b.wav,0.0019473701
/home/stuart/coqui/notkw2.aug/BkTc2rD9pF668BiwiFz6TXm9t69HjuebeFud2hw2EzDs18955-cbn-1-pit.wav,0.0019379375
/home/stuart/coqui/notkw2.aug/UJzaSWVCQUniKyS8ivNxbp2LZ3D6ZCSZLpewLPiAtjSu16747-cbn-1-pit-b.wav,0.001923353
/home/stuart/coqui/notkw2.aug/FYF2qHan6pAU7N9tBcMkMxWW8NWHyxAJAagZh4Yo8rW716474-cbn-1-spd-b.wav,0.0019230082
/home/stuart/coqui/notkw2.aug/JZXRPvgKbXa7UiubCa8AD3avoBzYxpCAUzv7siW36uWp4971-cbn-1-tem-b.wav,0.0019213724
/home/stuart/coqui/notkw2.aug/785DQBfS3p5ijxfW29NmE6fYnn3ufjUALs5U5qA5SXV617528-cbn-1-pit.wav,0.0019091268
/home/stuart/coqui/notkw2.aug/Fm5vDcUW8FzBWY8RixvUrsgaCi6XrCxK4MjVQd26MATd8176-cbn-1-pit-t.wav,0.001889564
/home/stuart/coqui/notkw2.aug/XpAEkfxjemrSGtdggsbTyEGTuCgUAGcFZdEuDR5dpgG436573-cbn-1-pit-b.wav,0.0018779611
/home/stuart/coqui/notkw2.aug/FF3vUgtQYeVrXgPXMsefeqi8mnTWL2isCqWTDkm53r2U22085-cbn-1-pit-b.wav,0.0018759039
/home/stuart/coqui/notkw2.aug/Do3NyWv7no5qDCcGm67H3VeZ2gUM65SvBptEECqJyHAp23411-cbn-1-tem-t-b.wav,0.0018684322
/home/stuart/coqui/notkw2.aug/PREHnpAMi3QTMSrKBDnytHoWGVRnBTttjc63TwGnLuqV13980-cbn-1-spd-b.wav,0.0018644432
/home/stuart/coqui/notkw2.aug/DqhmwjM3FW7UynMXCy9AbTW95WfEbUL7guTUatKgfKbf36576-cbn-1-spd.wav,0.0018616079
/home/stuart/coqui/notkw2.aug/73qKSDd4g7ffohJjgtQ8fwLqMwNRUknndr7sCLJrFBtK23180-cbn-1-tem.wav,0.0018429233
/home/stuart/coqui/notkw2.aug/fiHQbnA5scLVU8ZsijGxTUdWrfYaQssRawHASR8Y7T5p22363-cbn-1-tem-t-b.wav,0.0018400066
/home/stuart/coqui/notkw2.aug/ezcfpCwAMAzb8DWnoBTMHzStfQT5mbdbLikR4AL5YwcG78-cbn-1-tem-t.wav,0.001832644
/home/stuart/coqui/notkw2.aug/jwcPo32Tbv3ejWZZZUFWBj8KozCEaz9YDEyXkV66EjFP15415-cbn-1-pit-b.wav,0.001829839
/home/stuart/coqui/notkw2.aug/kDDjBgiFZVV5DcxmTkK2VoT8Q2ifraJQmTCjE8N9V8eo8748-cbn-1-pit-t-b.wav,0.0018264288
/home/stuart/coqui/notkw2.aug/VDwgTbGp3cPjUPW4qbSAcpgQkvvKmJfAr73nvKaPNspg14750-cbn-1-pit-t.wav,0.0018207036
/home/stuart/coqui/notkw2.aug/mLEtgYY6oBuSJRNtP2y9ZeHtQBNn4EScbjzVj9d93GQH10065-cbn-1-tem-t-b.wav,0.0018113136
/home/stuart/coqui/notkw2.aug/EPXiJcBuCjErUnhzR9pWJycHTXUfLst4CNBmhVigxvpp24195-cbn-1-spd.wav,0.0018096063
/home/stuart/coqui/notkw2.aug/jsZSu4m86jn4JF9yoN6GmG75QTf9Nmt9eXhTksvsM2ZK6036-cbn-1-pit-t.wav,0.0017954264
/home/stuart/coqui/notkw2.aug/EkacpBa59yiS25ti2PKfceQAvWty6LuJrJCcgp7Es2SM11984-cbn-1-spd-t.wav,0.0017784839
/home/stuart/coqui/notkw2.aug/hono4mDBuyrzXrtKaeTS9vVvVaagveC8DuCynbuae4WK36102-cbn-1-tem-b.wav,0.0017501792
/home/stuart/coqui/notkw2.aug/RZgNySqNoUkhMReprdRxK6T9zeHcV826VAZ9ZVUVVHaH15483-cbn-1-pit.wav,0.0017479617
/home/stuart/coqui/notkw2.aug/6Q2qf7ZioaPJ6vDuUnvyn2Mc4VLGsJvBi8wZuigq4ffK17765-cbn-1-tem.wav,0.0017305817
/home/stuart/coqui/notkw2.aug/m5crvNGvCmPRzSxTrTDYQeCX2ZxynjXamMumRGEzQrah32562-cbn-1-spd-t-b.wav,0.0017197959
/home/stuart/coqui/notkw2.aug/GZUS3RadATisfG93y74TSBBcRuGGE9PWis4s8N8z7nEv16580-cbn-1-tem.wav,0.0017095517
/home/stuart/coqui/notkw2.aug/MYGvj6avszQjy75PGCBBcfPdwmTLz5pWdRwaw9rNS4CF8288-cbn-1-pit.wav,0.0016828536
/home/stuart/coqui/notkw2.aug/4seZoEpMaeM2p4vVTAk86kcjGpDPTu8QLaaUkHFQpL8G24869-cbn-1-spd-t.wav,0.001664084
/home/stuart/coqui/notkw2.aug/EsZRNHAj4g8eKtSjwuYWKJcedkvbnoX2W7Brd4zPcbL316085-cbn-1-tem-t-b.wav,0.001663587
/home/stuart/coqui/notkw2.aug/no9HeoLveQv9dNoFymg4fFWySTJYGxexvamCVM5GWg5Z3980-cbn-1-tem-t.wav,0.0016560755
/home/stuart/coqui/notkw2.aug/e9xBpridZjBaCp7bqSSuB5SsFyLF5zBjmFXYB8BQdC9x5057-cbn-1-spd-t.wav,0.0016542855
/home/stuart/coqui/notkw2.aug/cYrSmaa85RmrvsxAi8muVxibtyq6MSQrFkmf5er9rBdH10950-cbn-1-spd.wav,0.0016538742
/home/stuart/coqui/notkw2.aug/P3ZHJzmS9L6Qof78BscMcqdSr8DiakPQAgrNj98ZsWo315688-cbn-1-spd-b.wav,0.0016483887
/home/stuart/coqui/notkw2.aug/5UBzfTqsEd6WoeZWqgu5WgASBoRj7yXnpbKFjKVM8zCk1774-cbn-1-tem.wav,0.0016120983
/home/stuart/coqui/notkw2.aug/79Y36BMYnjKcCRdMPEuEqUZoYvXBQ855KwVGLyJ9Z7kz14185-cbn-1-pit.wav,0.0016116092
/home/stuart/coqui/notkw2.aug/RkXYdyou7vSuTYc8c2UmSHiCHLvkQBxAetNQGaEb77vz29945-cbn-1-tem-t.wav,0.0016015492
/home/stuart/coqui/notkw2.aug/2jkKbLEvVf4USR2bJwxEwhLbLu95EJ7WQ8sBjxp8TB4r21670-cbn-1-tem-t-b.wav,0.0016014992
/home/stuart/coqui/notkw2.aug/ZsAFPz6nuZAN5AAhgPNWvMNQjvXtP22udhzYeodDEabP17130-cbn-1-spd-t-b.wav,0.0015989089
/home/stuart/coqui/notkw2.aug/UMAoZBbaXpGGRX5No5NTZaKxuoXTAkhGq53zEvApRwqm36280-cbn-1-tem-t.wav,0.0015966548
/home/stuart/coqui/notkw2.aug/6HyvLUdSjDJMohVyXetDzGAcRKUkpAN8DaVLj2QWCqC334536-cbn-1-spd.wav,0.001593506
/home/stuart/coqui/notkw2.aug/R4AfHT9n6D7gGsjoUedT6wPGaYAmoCgknuPtdnSwA3F634142-cbn-1-tem.wav,0.0015925465
/home/stuart/coqui/notkw2.aug/YSAUmbTMuDFia4cxRW5AHXeU96seFGsj83CVxbyPoFP524460-cbn-1-tem-t.wav,0.0015896198
/home/stuart/coqui/notkw2.aug/L8FrukbexMWmyhnGZcwQ8kPp8aQCx4YimDKpaoLetaq536069-cbn-1-tem.wav,0.0015885213
/home/stuart/coqui/notkw2.aug/nd42Zup8WxLBw5yVYXRbNshjho43zxmZUgkmxpQqHKVP18676-cbn-1-pit-b.wav,0.0015808488
/home/stuart/coqui/notkw2.aug/k8bjsAjjHBcytsnPULu54M8d67W9wxuJZh6geEnY3mJK1243-cbn-1-pit-t-b.wav,0.001547894
/home/stuart/coqui/notkw2.aug/kHThB7j2EYjAa8FNuefNfzW3Sx9a2q2qa99GEYsJ4Xmz28857-cbn-1-tem-b.wav,0.0015439676
/home/stuart/coqui/notkw2.aug/LAY55Fes3y8ijsg5ZbnPggGPzfn2SNXipG5JGV8W2wWJ36206-cbn-1-tem.wav,0.0015402883
/home/stuart/coqui/notkw2.aug/kFsqmiZHyRBG4k2gPFVjzYkwvbQ6GUHcSJYCkxFHv7Qv5056-cbn-1-spd-b.wav,0.0015370813
/home/stuart/coqui/notkw2.aug/9PcJeZkSXDkgfWcSXp9BTiTToCosMYWETWNS2cksg6EY37784-cbn-1-pit.wav,0.0015350517
/home/stuart/coqui/notkw2.aug/XJmWsfycGCBdRKfAqEhJCc8mgvbSZDc6GaTmKiwU5gxn24164-cbn-1-tem.wav,0.0015029238
/home/stuart/coqui/notkw2.aug/6UkeiRWaHbY8vXuNeHpmTL4c5Jim8Ur46QtRSGwEF5Ca34685-cbn-1-spd-b.wav,0.0014966965
/home/stuart/coqui/notkw2.aug/3GHJFYNPKfBAC5nEzYAqsagShpGH5RzLkE4T6S7BkF9Y14101-cbn-1-pit.wav,0.0014930322
/home/stuart/coqui/notkw2.aug/hk46iHt5dDt8umoempQdwFJK6NoTuPGfL95tgxANPeCP9939-cbn-1-pit-t.wav,0.0014822179
/home/stuart/coqui/notkw2.aug/WcGRPoAfLRuHjCxYMPeau3HSrSFYTHxoM5mcyuKTymrd38450-cbn-1-pit-b.wav,0.0014802176
/home/stuart/coqui/notkw2.aug/PGxGbGS3UYyLhtsxEP7xg54TqXbLkVp7yzRiFsLhm84c7131-cbn-1-tem-t.wav,0.0014661661
/home/stuart/coqui/notkw2.aug/ZetXFABdURjYFUohxnCwZvaozTB4P2YarJmAdUpbpuNu14321-cbn-1-pit-t-b.wav,0.0014551394
/home/stuart/coqui/notkw2.aug/Wyd9bBaYRSKTVFH7D2WpeQ4Vb6WvSFv42FS9tvZQSuNS9234-cbn-1-pit-b.wav,0.001448776
/home/stuart/coqui/notkw2.aug/dQg2aQ28rXgXimwS5Ca22uaCM7QQeytCaopyNffQrgZY21411-cbn-1-tem-t-b.wav,0.0014466164
/home/stuart/coqui/notkw2.aug/e6AGD5FSiPSCN7fdoHNxPWZXQwTay7tez9RzsQGB5iWh36478-cbn-1-pit-b.wav,0.001446405
/home/stuart/coqui/notkw2.aug/fhwLuqr6iKBBM7bWPMEZvm92GCQTBLv6x8c4xwcsFt9S24044-cbn-1-pit-t.wav,0.0014248159
/home/stuart/coqui/notkw2.aug/2ei9ULUNUWDT4Q3sgo52ZZHCV7v2VFdMNTDrGV8WmgWn31332-cbn-1-spd.wav,0.0014139464
/home/stuart/coqui/notkw2.aug/nKEsT8CgxAjkNi6vidgnodA4WFpmK9B2YLLsENsbhDfG2547-cbn-1-tem-b.wav,0.0014065763
/home/stuart/coqui/notkw2.aug/oMsSbYLh9KzETR3zR2bwMgHqPBroTjWWLdC6ybwJbrTu23063-cbn-1-pit-t-b.wav,0.0014036467
/home/stuart/coqui/notkw2.aug/BSrx6SAE5ri3R4J8USPMz8SaumfH5aQxZ9LsnRRZGE9z403-cbn-1-spd-t.wav,0.0013915597
/home/stuart/coqui/notkw2.aug/GrqHsdWVyHo9i7XfRX4BJzeScC5ruMnHdF6VnCMGpaPP28965-cbn-1-pit-t-b.wav,0.0013869413
/home/stuart/coqui/notkw2.aug/MJ5pWUES6KmG8cJC4NNXJjcAYcX8VRzn6b9u3XjpVzNT466-cbn-1-pit-t-b.wav,0.0013834911
/home/stuart/coqui/notkw2.aug/NdD64sPYi6cDiBiCy5f2o7YC7pPvxS2KVN9E4Xvjcq7z12168-cbn-1-tem-t.wav,0.0013796398
/home/stuart/coqui/notkw2.aug/mCWu4R4b9dkFEpnmohWgzwQZrZQx99BEtNhvkzUwy6L835571-cbn-1-pit.wav,0.0013795266
/home/stuart/coqui/notkw2.aug/VdEdWeyxpjinP8WWWRguTC3QW7tmiPMTMv2KV7dXrLt410720-cbn-1-tem-b.wav,0.0013694238
/home/stuart/coqui/notkw2.aug/BGaBrisEkhkBm9oMy2WSd5F7Weuj5e8HQuwMm8HCtNGV16187-cbn-1-tem-t-b.wav,0.0013690729
/home/stuart/coqui/notkw2.aug/QACTn2AR6eBGjduXk4hm5Fa8dHjYYwmmaYmeT5zypDZx36640-cbn-1-tem.wav,0.0013661071
/home/stuart/coqui/notkw2.aug/F5o5fB9iqcDTLyndGU76phJaKpssCgzZ93oNRUysBuZT15843-cbn-1-tem.wav,0.001347414
/home/stuart/coqui/notkw2.aug/CHGiy8jxNrvWCFMfQbbKuxCmjaN9k2ySoRUYxnMHBMgo33461-cbn-1-tem-b.wav,0.0013408929
/home/stuart/coqui/notkw2.aug/ZfRgez6KLLzjXdegwHPcaLasJUWBy7fHbjSchvZNCCNn31174-cbn-1-pit-t-b.wav,0.0013378856
/home/stuart/coqui/notkw2.aug/frqDAyL3BVjwESfVrVkecoN4FHppZJXQA9jHLQWn63ne17541-cbn-1-tem-t-b.wav,0.0013366445
/home/stuart/coqui/notkw2.aug/QDTf7q6zh7NfGXvLs3UH6rgF9Rs3HT8GfBaxTougpypq25460-cbn-1-spd-b.wav,0.001329505
/home/stuart/coqui/notkw2.aug/UraNWJ9biivvjQEH6VmzQ5fwodsqmPj5kuX7bduFk6UR5061-cbn-1-tem-b.wav,0.0013165897
/home/stuart/coqui/notkw2.aug/TX2iJKsc3i7XQ9cC9Cgmv2KHQvLpQpjigRWcCgZ47dcv4829-cbn-1-spd-t.wav,0.0012993963
/home/stuart/coqui/notkw2.aug/CJ5ZZQJ7SYdwEpWtziT6nJVnKqC6XJNRPdVxokzFZ4xm10642-cbn-1-spd.wav,0.0012981808
/home/stuart/coqui/notkw2.aug/C62F4h8og9nD83zSw4UEuvBk2C7rLZoRfhmoHqstzU5h29591-cbn-1-pit.wav,0.0012762481
/home/stuart/coqui/notkw2.aug/WcDaMhTNdRM98a6qPymTuNNQovHdWUr7ou9cqMHuvis336848-cbn-1-pit-t.wav,0.0012665907
/home/stuart/coqui/notkw2.aug/eKExSjsiUrLvbJEVDWWStcAzpnk7u3Tmhdzp3pRz3q5E21400-cbn-1-tem-t.wav,0.0012644079
/home/stuart/coqui/notkw2.aug/KxqAJAMe95fU9cYq8ZaT6hkLLV9BxiGMGJa4bEb7pfsX14489-cbn-1-pit-t.wav,0.0012553775
/home/stuart/coqui/notkw2.aug/JhJxbor6rUstKJjzNfQh9fjAYJUecnGDmDt9ZW2bjG5r36563-cbn-1-tem.wav,0.0012553616
/home/stuart/coqui/notkw2.aug/hvmjjqeBgs4JWWJKZjmsJNKhyrQXnKUXVFriZrHYXjXM28780-cbn-1-spd.wav,0.0012553433
/home/stuart/coqui/notkw2.aug/CtMcT8VEhQ7GrKXi7z3svkhJH9RuUQjPBtJRfmmCsfqk10953-cbn-1-tem-t.wav,0.0012503734
/home/stuart/coqui/notkw2.aug/ASbWttEPoiiSBt8PiCtsMjCJHj56HvV9qAukosQmaA3L23502-cbn-1-tem-t.wav,0.0012444876
/home/stuart/coqui/notkw2.aug/MY39EaaAfLpiXxruoxFZCeTrhfzUsUpSWXcC4wjTRc7f8238-cbn-1-spd-t.wav,0.0012431007
/home/stuart/coqui/notkw2.aug/naMFQP9bnDxb7798VeTr9terM5VaV39zu7wt7MBRdVtE2308-cbn-1-spd.wav,0.0012269442
/home/stuart/coqui/notkw2.aug/MbqWhbLBmxqwrKsLSdEfXsKLVx93wtScohFreHWqe3Fz20-cbn-1-spd-t-b.wav,0.0012185785
/home/stuart/coqui/notkw2.aug/SHjFNPYsoJbLu7naK4sA5TavGNbM6nYBGNPbLgUQ7W4D16604-cbn-1-pit-t-b.wav,0.0012115622
/home/stuart/coqui/notkw2.aug/DS6oHTKoLveqF2zcJH4zLjmAWQEEPTXXTCuVgG7XMQhb34080-cbn-1-spd.wav,0.0012071873
/home/stuart/coqui/notkw2.aug/43VGfLwjo66brt52T4oR5kib2RjciZrNUTYxSUd5Q2n711-cbn-1-tem-t.wav,0.0012032494
/home/stuart/coqui/notkw2.aug/54LXtqaJBJcWLkWNy3NW8wXzLenvmMixPUmmdF8sv9jg2310-cbn-1-pit-t.wav,0.0011937701
/home/stuart/coqui/notkw2.aug/SZpagJUSWZwFAxEq4tN2fajFMQTAQ7YzodNd7zHShLL62948-cbn-1-tem.wav,0.001187719
/home/stuart/coqui/notkw2.aug/XGtcPsbv5wgauieQbBAUZjRaDygWGHxLxtB89nr5HxnP7568-cbn-1-spd-t.wav,0.0011834278
/home/stuart/coqui/notkw2.aug/2Frk4Sm4GyDWfg4DEfedmaGnhqcLWzxVQfqwSnNr8Axj28584-cbn-1-pit-b.wav,0.0011751585
/home/stuart/coqui/notkw2.aug/WTp34pjBGsaJ6VdyMx8bJVcEbWCNFkossomEVNoSBbYX5686-cbn-1-pit-t-b.wav,0.0011740626
/home/stuart/coqui/notkw2.aug/bfXrz6w4ukdbSkLo9wbT3XBDLJryEqCEu486dbXW4dbf16446-cbn-1-tem-b.wav,0.001172309
/home/stuart/coqui/notkw2.aug/UMuj9NUyZm9rNLZ3zQt82jkfwdfKosF6rrzQNHJ9baWP36400-cbn-1-pit-b.wav,0.0011722172
/home/stuart/coqui/notkw2.aug/gxBdeAA8GSdf6wEEtXrPLpEAsVxZkrfmkPmqemDK7T4b18121-cbn-1-pit-b.wav,0.0011717902
/home/stuart/coqui/notkw2.aug/R3N4CkQawVn5QRs3C6zcnwdQ75uCvwCb2PJmmcgVjWdo22257-cbn-1-tem-b.wav,0.0011687251
/home/stuart/coqui/notkw2.aug/72ANXXhQ6JZBuH2fEPZX4fXia3L96YuRAzMkdaDr9iae34657-cbn-1-tem-t.wav,0.0011617813
/home/stuart/coqui/notkw2.aug/JgwRjaJtsTvX8HVPExxsqJmQnZzDJGSzKDD6ne9v5q3e33857-cbn-1-pit-b.wav,0.0011530205
/home/stuart/coqui/notkw2.aug/L4zFjF9qrrbPvLyJsCBb8yJMUvF5AVo7qencBhfYBT3K3931-cbn-1-tem-b.wav,0.0011263603
/home/stuart/coqui/notkw2.aug/SL5fG7mRRKahcAebLRRSGHdBhrQ2JsgU4YCvQCyUhZVy13085-cbn-1-spd-t.wav,0.0011237978
/home/stuart/coqui/notkw2.aug/ASSwZZB5otbJBxXmoUphyiRTuiFZWBrTcGCe3HdHkinT36294-cbn-1-tem-b.wav,0.0011202843
/home/stuart/coqui/notkw2.aug/ViFLru9BMVKxULkPUxHVetB8HNCbcLeDU68Ud7zruhUP16570-cbn-1-tem-t-b.wav,0.001116026
/home/stuart/coqui/notkw2.aug/EcizJMPXQPaA9aSwe5tsTeGrnWdCvQJxZMR7pnrjwagr11206-cbn-1-tem-t-b.wav,0.0011141906
/home/stuart/coqui/notkw2.aug/Z6kmXxazbPKqNKHT6dKme2oY6U7nuTCXQsgKxHU2sb7X8432-cbn-1-spd.wav,0.0011119645
/home/stuart/coqui/notkw2.aug/gMubq365tCNdLYBbGGX532nbHUZTP2RH9r7FTd398yx334396-cbn-1-pit.wav,0.001108617
/home/stuart/coqui/notkw2.aug/MWD26MfURxo2tQQt8sP9dz32cDdawGLcrNSPGQhWfFbD27236-cbn-1-spd-b.wav,0.0011058421
/home/stuart/coqui/notkw2.aug/D5zqdkqM7cBPXebRZCxhqZQUaGAeyEFKtn4RUtbiZ7Xc16057-cbn-1-tem-t-b.wav,0.0010875834
/home/stuart/coqui/notkw2.aug/QAosy5uuARopHYaCYn9D5hbhZfpmgyc24khpkQWE6hnN3858-cbn-1-tem.wav,0.0010825867
/home/stuart/coqui/notkw2.aug/XaZ7oe6i4uceMXiZfeieCiE82cZDiJBqpejiQHjD47Qh682-cbn-1-pit-b.wav,0.0010753494
/home/stuart/coqui/notkw2.aug/68fCySTrvm2fmKCAwM4yKT9PYQvn42uskGTT8LSRC5hm10396-cbn-1-tem-t.wav,0.0010751713
/home/stuart/coqui/notkw2.aug/Y2BZdq3FYdRnu2nbcdpPD3KnqHTQS6nR4ZG9R3BErhfT16479-cbn-1-spd.wav,0.0010745393
/home/stuart/coqui/notkw2.aug/7SvfxgGKyVChySdPrGtBwDBTGzsDHtsmCvrNJJGbAf9C8936-cbn-1-tem-t.wav,0.0010736582
/home/stuart/coqui/notkw2.aug/oCCo2cTzfQB2kiF63G9giRZ29TDghF3C2FjExxpMgeJB15385-cbn-1-spd.wav,0.0010704055
/home/stuart/coqui/notkw2.aug/RycfKv3vkzLBqrG8fPmXb9LJxnipEX45rV2KiauubdQK11857-cbn-1-spd.wav,0.0010686044
/home/stuart/coqui/notkw2.aug/MEtZQvxACwcKvYrRcxVein5DrVD8sQQE6LwAmR2z8MgQ7320-cbn-1-tem-t.wav,0.0010576674
/home/stuart/coqui/notkw2.aug/oKZTDd43AsqgQtx6WbRZJ5A7gEXSa7qKmyZ9pHR2k2J917939-cbn-1-tem-t.wav,0.0010568168
/home/stuart/coqui/notkw2.aug/K5uSBfoPmpSnW24cjbV7TsVVr6TdbQixYymNUiVXcr6T12274-cbn-1-pit-b.wav,0.0010429657
/home/stuart/coqui/notkw2.aug/oSn8q3bDxvZqhikwchyEHuCn94ohYLUMyEW93x6iykmk23177-cbn-1-pit-t.wav,0.0010408085
/home/stuart/coqui/notkw2.aug/5wSAcJN95kUFgyMjsZuGj95JeKoUKdZR6GVkrNf64bYb3060-cbn-1-pit-b.wav,0.0010314164
/home/stuart/coqui/notkw2.aug/mKtbCvxwrP9SDWaL57DHnj5LMg5H29UNTkzh56xJYMfc20821-cbn-1-pit-t-b.wav,0.0010287501
/home/stuart/coqui/notkw2.aug/jHgwYhqfzAzP7EKvypaZbf9owTMXEwf7MF9GUpMutco633057-cbn-1-tem-t-b.wav,0.0010246701
/home/stuart/coqui/notkw2.aug/NQVNpxDPDyCUWFiiS6w3FtiXq7MEcT6vBedy92nLvVB324067-cbn-1-tem-t.wav,0.0010236972
/home/stuart/coqui/notkw2.aug/D8v7qkzQwUhsVop2EjMEuS83Kj4Ah542Pfvtr672XVXH31390-cbn-1-spd-t-b.wav,0.0010161076
/home/stuart/coqui/notkw2.aug/TzCMvNVmYKUUAmq6Xupaa2nGU4KzMABDbAkw8RsBVvAh30280-cbn-1-tem.wav,0.0010083074
/home/stuart/coqui/notkw2.aug/iywiwndEgVVv58oDh3AVqqaTGTRoGs5oMFrvUQkXrzNk38453-cbn-1-spd-t.wav,0.0010063826
/home/stuart/coqui/notkw2.aug/BH6KNApqmCUaDoH9uqhRPzRGHUJqXTVpytSETtME9mz610291-cbn-1-pit-t.wav,0.000999325
/home/stuart/coqui/notkw2.aug/4soA7PF7A6ZPfRJxM5yuXQDkmxHPE7QGF2bNujC7Z7Yp1828-cbn-1-spd-t-b.wav,0.0009965209
/home/stuart/coqui/notkw2.aug/GVYoMrk8RhJ7fK9pwq5Uye4sa3tV5VA2T6x2kLTpM6zj19694-cbn-1-spd-b.wav,0.0009962082
/home/stuart/coqui/notkw2.aug/2WFZNkEvB6dYezvY2iWzykPcHdxfzZR3HCBUwmvPbCjL33709-cbn-1-tem.wav,0.000991971
/home/stuart/coqui/notkw2.aug/9ZnmH9Ax6EUuAcAfiGjN6MGqecciTrArWc8gwbxqPNVi8159-cbn-1-spd-b.wav,0.0009919675
/home/stuart/coqui/notkw2.aug/NAe2mGN4qckqcxUZ8JcdKTWYrhjZhXNbXooybL49ydt68590-cbn-1-spd-t-b.wav,0.0009911045
/home/stuart/coqui/notkw2.aug/G63ZigkvMkdcJyzivPLQyXCoKt7CJUWSDdyPSwReWsSg16337-cbn-1-pit-t.wav,0.0009890847
/home/stuart/coqui/notkw2.aug/HXeXFGWWMGSTc4dEYwX96jMoPAqDo9iNaoyziFAgWhjE254-cbn-1-spd-t.wav,0.0009787477
/home/stuart/coqui/notkw2.aug/AV5Pj9ovPMeGimxdM7CPqm9jbpxc2JqQ5TzMKv46ndNv16928-cbn-1-pit-b.wav,0.00097601686
/home/stuart/coqui/notkw2.aug/FztP2SZTLRcdMxEDmGPV7pG5VZxv5SRpNYkhEAwyYL8t19252-cbn-1-pit-t-b.wav,0.00097182556
/home/stuart/coqui/notkw2.aug/J4aBhJuJSPfGhPMugA5rwHKehJGfQDSLvgbpPMd63wBt2515-cbn-1-tem-b.wav,0.00096928066
/home/stuart/coqui/notkw2.aug/i2iFt2bx6vjypxZyQD6pjVdwJPtEPD3945TMzEedjrKD755-cbn-1-tem-t-b.wav,0.0009681535
/home/stuart/coqui/notkw2.aug/D66iiKNDUazf5avS4XR5HYkVmrac7kgDHmqBdqscNP8v6216-cbn-1-tem-t.wav,0.0009523335
/home/stuart/coqui/notkw2.aug/Xpj7Z92Q8pZUHbePzHgW933QmsYuccwM3oT7DfFmR63o31309-cbn-1-spd-t.wav,0.0009491959
