/home/stuart/coqui/falsekw2.aug/8StbqQja2eN2Kr2AFsomMsEJKgBuEieKd9fWQCKGMEJV34310-cbn-2-tem-b.wav,0.0000824209
/home/stuart/coqui/falsekw2.aug/bgUBQjDrD8K3WJwGrXjrgbbHtbF5cHcFuZMk66EDSVLS23362-cbn-2-spd-t.wav,0.0042073946
/home/stuart/coqui/falsekw2.aug/YrNQZy8r6FLNu23VZcrACsKgHJ7UPsFetDV4BsCk6TeH21370-cbn-1-tem-t.wav,0.004424287
/home/stuart/coqui/falsekw2.aug/AKKf8JuzRfhwf4ZEhftbr3MEZKnLaD4W85oWuBpHsjCo3783-cbn-1-tem-b.wav,0.00916072
/home/stuart/coqui/falsekw2.aug/myDv3gMQaZABM9FhJyZMBuSeEyn5XQrc4Cr5GocmJxTy1783-cbn-1-pit.wav,0.00917953
/home/stuart/coqui/falsekw2.aug/2jPLEcQDfAnxzmDfRg9cDkSMdw7DN6sZ3Dw5vcKtLdhM29441-cbn-2-pit-t.wav,0.010693514
/home/stuart/coqui/falsekw2.aug/Ku7XvgTXAoBpzpgrGFWfLCb9MdCTswaSUcXXaHQs6Tg634309-cbn-2-spd.wav,0.0114795
/home/stuart/coqui/falsekw2.aug/5GvePb4FJnif5j7xGnsHZ8gW9J5wpxbfkpgQoCHgchxA27117-cbn-2-tem.wav,0.01199715
/home/stuart/coqui/falsekw2.aug/o8TqAr33N6eUmRUeT9EFXf5biiVrRjb9Eaw4ck9VqBNQ27489-cbn-1-spd-t-b.wav,0.025286576
/home/stuart/coqui/falsekw2.aug/AjnbgiCZxi9QVqLPuAhLQcULCvUFhzJNKPcTcDHwpPZz29454-cbn-2-spd-b.wav,0.029017273
/home/stuart/coqui/falsekw2.aug/nQrrVn8tWSeDsbmWU7iwZLCdH9kBqqH7A2J9orQe5eTd1477-cbn-1-tem-b.wav,0.036043208
/home/stuart/coqui/falsekw2.aug/oGFdJTG7ukGsZWynWJd8xpbGP2qZrMWddapDgERijD9X34232-cbn-2-spd.wav,0.04059372
/home/stuart/coqui/falsekw2.aug/5NukqmST4QJsb9GVvY3CeYNUHw5xVUVaFwQJTbefy9tW13443-cbn-1-spd.wav,0.040836077
/home/stuart/coqui/falsekw2.aug/KuZH3aBrVRDnyBZ4rZNLd9QDt5WZ6S93fx36TPhXfMrM28280-cbn-1-tem-b.wav,0.050015777
/home/stuart/coqui/falsekw2.aug/fVorKkBDZyNyqPyJynXW8GK6papfcxQkho9shu9oY5xp27580-cbn-1-tem-t-b.wav,0.051674347
/home/stuart/coqui/falsekw2.aug/eVLVZSGB6VeuQUbPbnFJmNYRDBS3iye4vkVj6nv4pYfL28284-cbn-1-spd-b.wav,0.058087867
/home/stuart/coqui/falsekw2.aug/MkaQetCzrP5hYjrDbSnBNGV6kTAJyC59jF2X5o7r4RLS10899-cbn-2-spd-b.wav,0.062872306
/home/stuart/coqui/falsekw2.aug/8ZdUwPxPvuk8qmp7LNSeNu5EixithxUfQuGX7oy23mJb15123-cbn-2-tem-b.wav,0.06571894
/home/stuart/coqui/falsekw2.aug/GPKWCDgVaq8hGk2xsPAoJcEsYbn9BEtevkCXHyPrZKou3942-cbn-2-pit-t.wav,0.075674616
/home/stuart/coqui/falsekw2.aug/Nzqq8BvL532QR7YpdtkFEZ47DrUBHLchP7fuZ9CAfXqr27104-cbn-1-tem-t-b.wav,0.07974087
/home/stuart/coqui/falsekw2.aug/RUwbXFeYzd8dkjmrePVTe7Jc7SSvEVrxeVkvGXxCkBRV17909-cbn-1-tem-t.wav,0.082696296
/home/stuart/coqui/falsekw2.aug/mH6AKogy4nZi5BHG2fsL3CSCFsqfkCLsgzNUu7iSVyqb35702-cbn-2-spd-b.wav,0.086545244
/home/stuart/coqui/falsekw2.aug/RodQMi8x7gDkYx4uFF2yVoChxr9zSrcBXbv7o7Uge49u28440-cbn-1-pit-t-b.wav,0.09493218
/home/stuart/coqui/falsekw2.aug/UXADktiLtrGeBAaMpxTfPWErjixHszdvi3NpqHfCH5em8687-cbn-2-pit-b.wav,0.09976036
/home/stuart/coqui/falsekw2.aug/HSzecrgA8emC5xHgL3iC4dQ9HY3eLoqA5P6hWGd7hKkp3971-cbn-1-pit-b.wav,0.10123396
/home/stuart/coqui/falsekw2.aug/cmD9a4hL2pPYrJLaMizYwSCDs3kYi69Go4CHxJnMdfWM14696-cbn-1-pit-b.wav,0.10416996
/home/stuart/coqui/falsekw2.aug/fGMoo68o8TnBEdsfWHeF7F6bXnQLACqXBrqhxY9iwGyN25600-cbn-2-pit-b.wav,0.11044564
/home/stuart/coqui/falsekw2.aug/SokuD87Q92S8L37NYq8kjC77YhPFsyEJkH7mMHnMLFE716461-cbn-2-tem-t-b.wav,0.12595886
/home/stuart/coqui/falsekw2.aug/hhCszSESWt8xYrYxYo8J9YDFxX5RjY8pTgj6hD84vnru29707-cbn-1-spd-t-b.wav,0.126
/home/stuart/coqui/falsekw2.aug/FaPaUuxg6N3gkxhtQ28S6VN7Vv3YSfGdGez2hg3Rqo3Q10031-cbn-2-pit-b.wav,0.13112582
/home/stuart/coqui/falsekw2.aug/o6zD2BtZfJge94EVbT7DPXQ9FKXJyxJGQADzaXF6siZQ22796-cbn-2-tem-b.wav,0.13656071
/home/stuart/coqui/falsekw2.aug/XzPgSfGtGFNYUzcfwwos96JjdpNuzfAURkfKMehYZqMN13534-cbn-1-tem.wav,0.1371879
/home/stuart/coqui/falsekw2.aug/FNVJEYVqsmkgGSuT6tAR9sbsr8WnXD92HddLb9XzwXrr7070-cbn-1-tem-t.wav,0.15278773
/home/stuart/coqui/falsekw2.aug/UM5eLVvMtnQk2jyBMNsvpJ3L5MorrevFo8WTEmhDXsHF26465-cbn-2-pit-t-b.wav,0.16108245
/home/stuart/coqui/falsekw2.aug/3mghDJfiTd8GuyUF4RGHq9hu5nqeZyp4FQ4DuXFrJ7an6645-cbn-2-tem-t.wav,0.1631432
/home/stuart/coqui/falsekw2.aug/n6Vou6RRgsrjctx5y3hBXfmCCm5EvDYEYyFbhB5FDq9612746-cbn-1-pit-b.wav,0.18033151
/home/stuart/coqui/falsekw2.aug/TUnkkDDmbFQFxwx4RTJTcN4ak6Am7k5DbM9xQmWsjxLu33948-cbn-1-spd-t.wav,0.18627709
/home/stuart/coqui/falsekw2.aug/5TDF4ESnM4N87kFmHWa86MbhduYWfFjubmp4q4Pjnbfm6899-cbn-2-tem.wav,0.20617238
/home/stuart/coqui/falsekw2.aug/a6r8WcxTUDdWFgSqrR4bbbLCXNv3aHzpAAPm25Ri4APZ10563-cbn-1-tem-b.wav,0.20740387
/home/stuart/coqui/falsekw2.aug/bbGhRYjzMUucarCiCqwVjmhcbVHKmz7Tp9VcoJpEvEtB6357-cbn-2-pit.wav,0.20965667
/home/stuart/coqui/falsekw2.aug/GknCuVpE9ugCgRui6HpgfrBJuindTPufor9KZnvNCqDb36058-cbn-2-tem-t-b.wav,0.22446044
/home/stuart/coqui/falsekw2.aug/CJKPKpboZYhmpdSfTf5SHoGXzky5pG4dh4iU7tPVT2Dk10124-cbn-1-tem-t-b.wav,0.22979353
/home/stuart/coqui/falsekw2.aug/LKsaGbykE3Afk2D4RYcoesGjrtKiEky2LFkePMcnUGbU17301-cbn-2-tem-b.wav,0.23333858
/home/stuart/coqui/falsekw2.aug/UZxTeHJMMk36vaKnzMxo4vFUqGa8U3bGwLuAdkvJoAsu29678-cbn-1-tem.wav,0.2335631
/home/stuart/coqui/falsekw2.aug/J9DcuyFNkx4L97w726nqWgaxoMo7PePymzdPcLPRtgTu12044-cbn-1-pit-b.wav,0.24611473
/home/stuart/coqui/falsekw2.aug/nT2n3svwFxbWLzF8kytCthAvJnhntSogKPm7YKwjEyFM9931-cbn-2-tem.wav,0.25039473
/home/stuart/coqui/falsekw2.aug/4GmZAzADoYBy8BD97X95We8rbCDfQTjEGtcMAXu2MkzQ3964-cbn-2-pit-t-b.wav,0.25108165
/home/stuart/coqui/falsekw2.aug/7nLzU6SAGWaedxpngZZrVsY4mv5WEyFgawjQ6NiZHjCz29814-cbn-2-pit.wav,0.26006833
/home/stuart/coqui/falsekw2.aug/gjXS5tt6XycdmAchxV9L6435hgRHXmrUmpT8Eruqetyo24027-cbn-2-tem-t-b.wav,0.26511195
/home/stuart/coqui/falsekw2.aug/HMyxHJjLYw9RSa83fpCivWXkPQSxHZuPuQhzNLRQJecw29894-cbn-1-spd.wav,0.26734507
/home/stuart/coqui/falsekw2.aug/mqYsFmMwPu3thyCnWPMdRsjXwqhxYntt2yT7cgmtywUe29502-cbn-1-tem-t-b.wav,0.28204024
/home/stuart/coqui/falsekw2.aug/esLhZY4ci3EcyPpGVNJRM9hoVadLupdPoVzAQiWhtPSd8867-cbn-1-tem-b.wav,0.29009125
/home/stuart/coqui/falsekw2.aug/6R2NumBofhzqNUJeY8ECv9EtJYQSUBhtjpjikTmEAWoM10022-cbn-2-tem-t-b.wav,0.3052333
/home/stuart/coqui/falsekw2.aug/HkuRb4xSetaDaoAdXqwS3A2dcFNZS39mHsEHSKwKwvBH10381-cbn-1-spd.wav,0.3088678
/home/stuart/coqui/falsekw2.aug/DiJeMxbn8LtqzWGz8mqfgteLsY4U2GSfhETB3rEFAu2d10127-cbn-1-pit.wav,0.31057653
/home/stuart/coqui/falsekw2.aug/9jkGpnmtFcoRWojuvP67yQLr4im2PknbLRk945xEyxqp33823-cbn-1-tem-t-b.wav,0.3132211
/home/stuart/coqui/falsekw2.aug/AnTPj6HvNCiSkcZELG2PSgEXarwwKDts2x4vYMtuodqZ5506-cbn-2-spd-b.wav,0.31890342
/home/stuart/coqui/falsekw2.aug/SRccyQywc2EBBL4XSFYAnhA4FDqqFyCc2SwrdLdNmzd627478-cbn-2-pit-t.wav,0.3200615
/home/stuart/coqui/falsekw2.aug/RGdSrmj2trh8qFd8ywh4HTn9KVskSp6nA5bd7NgTmhSy16045-cbn-2-pit-b.wav,0.32552916
/home/stuart/coqui/falsekw2.aug/XQkN5iFgaymM6ukmgN8yHgGcj5Uj8CHruMmS9UvQ7zva18231-cbn-2-pit-b.wav,0.32661328
/home/stuart/coqui/falsekw2.aug/7JUYtpMHTRZSixKBQdVeh8J6WxMDidTG8Mqk8Fmj6ppx14669-cbn-1-tem-t-b.wav,0.32929796
/home/stuart/coqui/falsekw2.aug/DV2VvgMADgYB4mF4RirmCQNXRMA5LfBLn7Y2LjgdzhUJ20037-cbn-1-tem-t.wav,0.33924344
/home/stuart/coqui/falsekw2.aug/FNjNazQCsUnPDcFdVh7ZQdnBBGhQ6hYeKJEb9KNpA5u829531-cbn-2-spd.wav,0.3409504
/home/stuart/coqui/falsekw2.aug/d7Te5YnaimpW6kwisq6Ca7fyZQQRCzJHnMBYw9jQ5RCN21649-cbn-2-spd.wav,0.34919775
/home/stuart/coqui/falsekw2.aug/CedDi5o34vbht8nvsarU4S6jTjxr5nBMaVRx3S4Jo7qS15453-cbn-1-pit-t-b.wav,0.35331777
/home/stuart/coqui/falsekw2.aug/Gwhww6b9JKjGmkJvMvzr75NuNCa92TArsuk4BgErgv6L28281-cbn-1-tem-b.wav,0.36758977
/home/stuart/coqui/falsekw2.aug/RXKv8tgEJdcsLb9FJWgW3Nk9M2rtFASztrPb9obY4GqA7443-cbn-2-pit-t.wav,0.3900224
/home/stuart/coqui/falsekw2.aug/aErxFMqnxTWKRkw5huWwRRCDs3kYi69Go4CHxJnMdfWM14696-cbn-2-tem.wav,0.3950151
/home/stuart/coqui/falsekw2.aug/7QTiU8wLCqWfM4MbxjyJwP3qvvvfzgtjUXYbDVMPAaHu22111-cbn-1-tem-t-b.wav,0.3953835
/home/stuart/coqui/falsekw2.aug/PXx4iXe6PdM4ZgGtofx967EcU5AUUFcwJqRwFvpSVK5720607-cbn-1-tem-t-b.wav,0.40204814
/home/stuart/coqui/falsekw2.aug/kDApDAhoWf9MEHw58qPjmtQJaGkfjuVNCFJ5DNimpYXP7219-cbn-1-tem.wav,0.40332356
/home/stuart/coqui/falsekw2.aug/PCw7xzrdr5czyDC5eQYqHEbGP2qZrMWddapDgERijD9X34232-cbn-1-pit-t.wav,0.41173863
/home/stuart/coqui/falsekw2.aug/gWzL8thGnjS6DMV5nFmvTddNuJYX7NGJQryPzmXfPEny30485-cbn-2-spd-t.wav,0.4281497
/home/stuart/coqui/falsekw2.aug/gWZyEdmdSquGruFubmbvXa87Spic3ZCBjUJmqwrbFD2u28282-cbn-1-tem.wav,0.4337382
/home/stuart/coqui/falsekw2.aug/H6gpJrYmYGtGYiNUXwghS8ENf3vy6jzbdagJ3nfWdfSJ36553-cbn-2-spd-b.wav,0.4357986
/home/stuart/coqui/falsekw2.aug/k7BuuMKYEkZHCjsrWaT8RU7FFVe4FxsAxayx7c4akGcs23264-cbn-1-tem-b.wav,0.43883827
/home/stuart/coqui/falsekw2.aug/FVLFNXdRysWxRs9W583M2aMBhHtJ6VW958kGsNBGW52U9410-cbn-2-tem-b.wav,0.44880036
/home/stuart/coqui/falsekw2.aug/cZPk3B4CpezcjBoZXyqhhhUrq2b5FpZrEf7tquARjBku35614-cbn-2-tem-t.wav,0.4646688
/home/stuart/coqui/falsekw2.aug/5cu4ys8msMruA8qJJ7WeZrWK4Dk6LzdBAYi5k79mxtxj14149-cbn-2-pit-t-b.wav,0.47075504
/home/stuart/coqui/falsekw2.aug/RqCCacRUj5uu2beDMENadG6fpo3jJ9UE8Wov6juaxx4i35786-cbn-2-spd.wav,0.47206226
/home/stuart/coqui/falsekw2.aug/egTHErCxJwVjXBLVczWq92XVjisWm2fnooxSFhhEJHpU5171-cbn-2-spd.wav,0.47430867
/home/stuart/coqui/falsekw2.aug/Ey27oADFhG47KMsP8PdZ976KE4ggfYaTqrDUfb64cmdb3853-cbn-2-tem.wav,0.4748473
/home/stuart/coqui/falsekw2.aug/JjDrV5XgCWUue7CyPoWbqAQLM6DdPoQX6LX5e8QENEAE21216-cbn-2-tem-b.wav,0.48287553
/home/stuart/coqui/falsekw2.aug/JcmwKkZrUkgRbrMdLt3Jzy6jnPtwSVXtHtQ6Zip4xGxY3549-cbn-2-tem-t.wav,0.48787552
/home/stuart/coqui/falsekw2.aug/EHuiJtroJATWiLUuJHMHZEFSSJTAQSiSKbJXbSgYQov22138-cbn-1-spd-t.wav,0.49390352
/home/stuart/coqui/falsekw2.aug/hbNL8gPisttZPyriHwaMob8xoG2z6iZPJ7bmriUYsWS828060-cbn-2-tem-b.wav,0.49925372
/home/stuart/coqui/falsekw2.aug/hDJ6YWfMeQ7XHpNBn2bKfiVowCptFtJPidL2W7yjgjux27557-cbn-2-tem-t-b.wav,0.50006443
/home/stuart/coqui/falsekw2.aug/8LrnAF8qZi3nwEZoTuMGLDjJd4VzTgxyGuWr22NWYDoT18158-cbn-2-spd-t-b.wav,0.50248134
/home/stuart/coqui/falsekw2.aug/6co3UEb2xWmeZj3tka86jfo8jPXkRau5qXZ4ePSNyzfW23234-cbn-2-spd-t.wav,0.50745875
/home/stuart/coqui/falsekw2.aug/j6xS2sgjrhx65vkQosSGuhLdwamKNAsXxsYw53PgLCVj22220-cbn-2-pit-t.wav,0.50884
/home/stuart/coqui/falsekw2.aug/BhFqEn9En2sVrHFszwYiJm8S573yUxsMPwxJZnmsZXZU23154-cbn-2-pit-t-b.wav,0.5104294
/home/stuart/coqui/falsekw2.aug/XzTueFLPsRZKXTWmCVYVY3HqoDi9ofwepyMvbRG8X9aN31071-cbn-1-spd-t.wav,0.5182217
/home/stuart/coqui/falsekw2.aug/jpMhkJJe9w5wvQyuNmXLhKPnyBKyyKJDPoFZX8YJxoqt24526-cbn-2-pit-b.wav,0.5222238
/home/stuart/coqui/falsekw2.aug/mHMGLRrMHL99whGLHGbsdaJM8iNu7eYvRqCY2iAhVyEJ38693-cbn-1-tem-b.wav,0.52307945
/home/stuart/coqui/falsekw2.aug/QabBpeN7gTMDYnKSWs5w7N4GQpHb492TtqBwPAGhhiBo30371-cbn-1-spd.wav,0.5267231
/home/stuart/coqui/falsekw2.aug/9ohYGJiv7BAhZxDEedQaKJKUwkPMR4C8eqF7kY6exNiE310-cbn-1-spd-b.wav,0.5328179
/home/stuart/coqui/falsekw2.aug/8czc5fkJEvcUnAd4UFFSWm5oKNon4wkH3NYTtBDBtcs323440-cbn-2-spd-b.wav,0.53468263
/home/stuart/coqui/falsekw2.aug/GHJUPUui5sPuFSsQQKoYamNvXhuKvh4EVs6ovGyY9FqK30076-cbn-2-pit-b.wav,0.54959965
/home/stuart/coqui/falsekw2.aug/SnazzyiZ2zigqfv3bRWmmCSUoJSfRZaeGMvAi6jv6UKP18965-cbn-1-tem.wav,0.5498654
/home/stuart/coqui/falsekw2.aug/MojQxWrY9d8549Ekw6faRfjPG3VW74vHmmpnrZ65krFm28080-cbn-1-spd.wav,0.5500344
/home/stuart/coqui/falsekw2.aug/csLXwD8hoQJXksoeNddyawV9BTK6u2vZUyXpNZfpqpY521587-cbn-2-tem-b.wav,0.55446804
/home/stuart/coqui/falsekw2.aug/3ZRazjPQXNkiSATqNSPCdenVe5CSnen2SpoyKexQRkGt15695-cbn-1-pit-t.wav,0.55902857
/home/stuart/coqui/falsekw2.aug/Pnft3nxUx6X7xUKVMzMMz5EzhMi4L7b8TtZkunjJG3fx21648-cbn-2-pit-b.wav,0.5601024
/home/stuart/coqui/falsekw2.aug/7fuU2VQKMbmQN4QvbkbxQgBTDJTGkksZKSfm9JxZCbGx21723-cbn-1-spd-t-b.wav,0.56208086
/home/stuart/coqui/falsekw2.aug/WYUca4N2NNm4VNjaiKywEwWLDjzuyJthGqVPAnes3zGK13105-cbn-2-spd-t.wav,0.568978
/home/stuart/coqui/falsekw2.aug/SgQ7E7fVQNvmia84EbP3S8N7ns9aR6nRR5EDP9VzKWzk39009-cbn-1-tem-t-b.wav,0.5718537
/home/stuart/coqui/falsekw2.aug/e9tNmAXGZnQ8hqoXD8MR9Ua6w82DhJE5VWNTpFBm4w4432999-cbn-2-pit.wav,0.57189727
/home/stuart/coqui/falsekw2.aug/Sf5KrKCGvChDcfYBqwstMEDh2RFoUVxpGB6YX3v7MV5M8111-cbn-1-tem.wav,0.57198215
/home/stuart/coqui/falsekw2.aug/BWvEUtXFMv6aEahaZ6e6T7NTtuZkk2JJUqxirXMpzy4W7726-cbn-1-spd-t-b.wav,0.5722592
/home/stuart/coqui/falsekw2.aug/emfBEMdJVpHCAdrUWvr2CsPSu5p9FxgpbVWgCVaR2bEm6745-cbn-2-pit-t.wav,0.5756093
/home/stuart/coqui/falsekw2.aug/e2yZRvrdmsy78mMwCFCYsGCYfpoCoSPQuAZfFevCefox11850-cbn-2-tem-b.wav,0.5775411
/home/stuart/coqui/falsekw2.aug/e4crbM5AnaQXPMRmB3fUeED4XPfsJLcyNgpmqsYgj5Y64059-cbn-2-pit-b.wav,0.5902318
/home/stuart/coqui/falsekw2.aug/298geThxmAemiXY8Z2dqsyJjNitGHyxG4uPVF9AM8BaX13962-cbn-2-tem-t-b.wav,0.59313023
/home/stuart/coqui/falsekw2.aug/aEpQnpm8vxvfgSwUaTiFHyWj2gKGej2F2FUGEJNtZFF633551-cbn-1-tem-t.wav,0.5942929
/home/stuart/coqui/falsekw2.aug/eo8KaTV6gu9Cnrd9EzQUhznrzQdLjuQ6AzWMFJbbbsQz6375-cbn-2-tem.wav,0.5950607
/home/stuart/coqui/falsekw2.aug/UheKppX9cDcE37vMzN7pCHExuQDYMSAJ2mnY6FUEoQP329218-cbn-2-spd-t-b.wav,0.5983238
/home/stuart/coqui/falsekw2.aug/LThqJHNiPy73cK9LRXZY4LY5DXLkeA9L66SoZ2rYjLcL6215-cbn-2-tem-t.wav,0.601554
/home/stuart/coqui/falsekw2.aug/TmN3mWJkcMgUsE7iqpagBWQCYciWNfFeYdk7djoRavvD7813-cbn-2-spd-t.wav,0.60566556
/home/stuart/coqui/falsekw2.aug/4ABm967NNBtH6Hdn7PN8cA92WmeLKjSCNtocSBBA4rEC36244-cbn-2-pit-t-b.wav,0.605911
/home/stuart/coqui/falsekw2.aug/k3bupUYitPx64rXy9NRoyEnGSRCdmetqRxf9AqScucTV35205-cbn-2-pit.wav,0.6066041
/home/stuart/coqui/falsekw2.aug/jGrPirRTiWXevu3mkJkYuh7MtWZg9DEiVXcjrSHDmtBF36054-cbn-2-spd-t-b.wav,0.61739033
/home/stuart/coqui/falsekw2.aug/8TQ8mQy3dwWzJNtfkAJdRJoNcbJXtDhZZupNUBFjGRrj22201-cbn-1-spd-t.wav,0.6179385
/home/stuart/coqui/falsekw2.aug/BmmkfGkK24ozHkzQt9ifq2o6wqtWyn3NiwHGSUHW7oCv14671-cbn-1-spd.wav,0.6246285
/home/stuart/coqui/falsekw2.aug/JpxLQiQfhjLK4P7o8HQch68ueJji967LaEtfbXrBEY8H13087-cbn-2-tem.wav,0.62656534
/home/stuart/coqui/falsekw2.aug/ZxjKa6yLbddjS8e7PdVJvSUTatjhgjM8dPzqpQiLtGFL9583-cbn-2-spd-t.wav,0.630204
/home/stuart/coqui/falsekw2.aug/Bm4HPedsfiXkZC8jzwPzbL3ej2JHu9VM5QsupHDGP8g91201-cbn-2-spd-t-b.wav,0.63216895
/home/stuart/coqui/falsekw2.aug/5HPbUj5N43rpFxeXsNXrepQxqA6tXPdmJuGWQqmY9zzP27290-cbn-1-spd-b.wav,0.6343016
/home/stuart/coqui/falsekw2.aug/CsfHNEoxwNj2LnNHJRFKvh7nowbGhzJiPXP9ipTKKZTx2035-cbn-1-tem-t-b.wav,0.6345174
/home/stuart/coqui/falsekw2.aug/6cymzAdo3ybxsHWznfGHy6UppW6u7WtRzvLgJamytqq97501-cbn-1-tem-t-b.wav,0.6407357
/home/stuart/coqui/falsekw2.aug/UmesLvRyeYQfwEdTz86kRbmNjJXWgpvPE4iqjQUAseNt34311-cbn-1-spd-b.wav,0.64479977
/home/stuart/coqui/falsekw2.aug/Nef7rrh9hzWvhYZaUjsg55SabWj9pPoRJGjkakyE5ocD19627-cbn-2-tem-b.wav,0.6477025
/home/stuart/coqui/falsekw2.aug/ckiDTMhEF4vWXispGAhLUBez9ud7gXsYQ9PoziCBxoBh3684-cbn-1-pit-t-b.wav,0.6495006
/home/stuart/coqui/falsekw2.aug/4ivFsGyMoUUtvxki5BtYr4SjhSY3WamxyryPhPpbQqWz18651-cbn-2-spd.wav,0.6534536
/home/stuart/coqui/falsekw2.aug/8Lx35Bbt74uc5jRnQDYKVfDEWAwQsrYY4zzWSvL7r4wZ23238-cbn-2-spd-t.wav,0.65348035
/home/stuart/coqui/falsekw2.aug/hp6krVyXUkXBVtyQu42UhiKPV6LhwHvV25DX3FfQa8TV31214-cbn-1-pit-t.wav,0.6574139
/home/stuart/coqui/falsekw2.aug/CPMedChNJfa6bhiwKdAoAnacCUbjVrhyzNvevfeLTsNK14900-cbn-2-tem.wav,0.657454
/home/stuart/coqui/falsekw2.aug/C5TKenNZEHWxw3LH3Cq6uS7nowbGhzJiPXP9ipTKKZTx2035-cbn-2-pit-b.wav,0.6581338
/home/stuart/coqui/falsekw2.aug/HtYo286VQrYA3rsiN4CFxD36UHseaUDZy5tyG3boZj993972-cbn-1-tem-b.wav,0.65929174
/home/stuart/coqui/falsekw2.aug/inJRXN9BkKXeYzB2tgNFtcJzRcJQyDAa6379F8w5mRrt16688-cbn-2-pit-t.wav,0.6617667
/home/stuart/coqui/falsekw2.aug/apKQ8MoFz3YDYUm2aKMNSFJZWWP5VqAXERPghH2cceCv19903-cbn-1-tem-t-b.wav,0.6625037
/home/stuart/coqui/falsekw2.aug/d5rBtcqXcin69DFVzhuhkQQAcyvwjNqHYUoC4weuduTh23262-cbn-2-tem-t-b.wav,0.66782296
/home/stuart/coqui/falsekw2.aug/nq4m72WWawX36h5rp3y3afVE6jFPDriSJxFXhhsua5Z42557-cbn-2-tem-b.wav,0.6736592
/home/stuart/coqui/falsekw2.aug/DfxnzZRUvEAgGmoUVMoLdwk67QB4KM94F5dHKdVhys2J8975-cbn-1-pit-b.wav,0.6759033
/home/stuart/coqui/falsekw2.aug/MNQHHopfxHsSdjHzeSNJopEkAbihaafpgLnBdL5AQfdG23057-cbn-1-spd-b.wav,0.67924833
/home/stuart/coqui/falsekw2.aug/WLJzHL6tsPoeMtLF5c392r6Hoz79qQaMx37ZVWp6Gcjv10029-cbn-2-tem-b.wav,0.682366
/home/stuart/coqui/falsekw2.aug/3wVbN8Yt4zvJS9QL7FfyH9D78JW6ddZHh5KD3ZUJfHEe29191-cbn-1-pit-t-b.wav,0.6864143
/home/stuart/coqui/falsekw2.aug/aLVNNARYPKcXxubhdjbhwwJhzKGBAVrajb7pAeu2EHrd10325-cbn-1-tem-t-b.wav,0.6873188
/home/stuart/coqui/falsekw2.aug/HBvTvvsCcXK7Xk28dC2bhA5zefhHre8RpUEVrrTkTZAz35208-cbn-2-tem-t-b.wav,0.6873337
/home/stuart/coqui/falsekw2.aug/RZjn4Kd7StcKKcRtxrEmfdfrhQzXJx65pG4FLfWDZr3Z29681-cbn-1-spd-t-b.wav,0.6887944
/home/stuart/coqui/falsekw2.aug/mDU6gDNWnuGAtsGgGRwgvEENNRJ8jb64S7J36iYRBxnt6599-cbn-1-tem.wav,0.6892059
/home/stuart/coqui/falsekw2.aug/33ebrq2juYCyaff6o64ZhVB5b3LP2biPQHgkK24W5eXq24033-cbn-2-pit-b.wav,0.6950962
/home/stuart/coqui/falsekw2.aug/RLBNPx5KSbpBR4wNDGuzJP3YmgnEAgH2S2vokqwqmxcN23544-cbn-2-tem-t.wav,0.695197
/home/stuart/coqui/falsekw2.aug/6LRq46kpHQ8CsvdkXHDHrE2yvTAuhSgxqFnn5YZeAs7h18145-cbn-2-pit-t.wav,0.69877744
/home/stuart/coqui/falsekw2.aug/F9CEzQqQdu6r75bvvUuzYKfkzw8g3fusisrVzKA3Mjid34275-cbn-1-pit-t.wav,0.6994958
/home/stuart/coqui/falsekw2.aug/22J2eMJFekbP7VckKdjUbfXGApgtayrnrhYWhN5SEzKs26935-cbn-1-pit-b.wav,0.7016096
/home/stuart/coqui/falsekw2.aug/7u8pFu8bhy8jUGUWNERsFX6bXnQLACqXBrqhxY9iwGyN25600-cbn-1-spd.wav,0.7034467
/home/stuart/coqui/falsekw2.aug/RjCATSNmEksjZd3jy2qszvPaApkn7RPNLvBMiUL3i9SV29783-cbn-1-pit-t.wav,0.70727265
/home/stuart/coqui/falsekw2.aug/M6znEEuXJUtDQTR2FsivmubhbcgVLW4dkqouwvvqd9QR33056-cbn-2-tem-t.wav,0.7089773
/home/stuart/coqui/falsekw2.aug/bNC6nLLCugrThqUC7HDG3ySJWCYFf5CUymbpCQazeDzJ1625-cbn-2-spd-t-b.wav,0.70933664
/home/stuart/coqui/falsekw2.aug/PvTmv8CtbPDUwpqjMVvqd224ym5gnu8MNYKVytaRKQFK27497-cbn-2-tem-t.wav,0.709377
/home/stuart/coqui/falsekw2.aug/JwybzgYa9sxW4KLd78vzHxnSz6TkBgw2gtzni5XBGbja33827-cbn-2-tem-b.wav,0.7110155
/home/stuart/coqui/falsekw2.aug/QVpNPkozCqHcPEPqqGhwiTdx7nbmmchKXFEkJrqmYEDi9172-cbn-1-pit-b.wav,0.71128064
/home/stuart/coqui/falsekw2.aug/JxKeKP745u9KCfzeK6JtcX42yqL4L93VibQ57PkZrhS87715-cbn-1-pit-t-b.wav,0.71339023
/home/stuart/coqui/falsekw2.aug/i3xnpZetvcA5UdfhLjKXwRSs2QbsohN3LTAVphQs68GV23539-cbn-1-pit-b.wav,0.7177751
/home/stuart/coqui/falsekw2.aug/XwT4XR2jJUgeHJ8qe3USAkn6HHYRY653YcAVseX8x2CH34283-cbn-2-tem.wav,0.71846616
/home/stuart/coqui/falsekw2.aug/YkgVHt9Gskx7CbGu6voAi3PpVEgEtQkZX7AFpScFAYqM12427-cbn-2-tem.wav,0.7187943
/home/stuart/coqui/falsekw2.aug/iGDvLaTnjcXYv85Cr826fGbxk59fz9SCEfEG6CbnoCWi12639-cbn-2-tem.wav,0.72067887
/home/stuart/coqui/falsekw2.aug/Dmh4fyZaX2cUWyCYBRJyhZhUKr399KHp8DzXo94WPHzc1889-cbn-2-tem.wav,0.7213836
/home/stuart/coqui/falsekw2.aug/6zPgNksvvi2r5RuV7VcBxWKJdHz8X3FAvVae3N38mKNg8712-cbn-2-tem-t.wav,0.72157705
/home/stuart/coqui/falsekw2.aug/7c7hVHRRscswSKXZj6SFvcHVXTU3T8WXsZTLe8GfjskF14698-cbn-2-pit.wav,0.7259344
/home/stuart/coqui/falsekw2.aug/PdwTnaRUZLrovL2KCkdeEmNKcmEE6fGfkhX4LJ2dRvcR26836-cbn-2-pit-t-b.wav,0.72811294
/home/stuart/coqui/falsekw2.aug/SEsmUVmzdeAuDiq2LbD5Gsaoy5n4ruGTr4uefG9eoKtS3514-cbn-2-tem-t-b.wav,0.728853
/home/stuart/coqui/falsekw2.aug/63XoDkrfna5jb4hpSey99ALtezin9oTvKCewSAa3aANy5472-cbn-1-tem-t.wav,0.7289482
/home/stuart/coqui/falsekw2.aug/PrCyAx5YHdtopGK8dw5VXK88qBuioCTJkUjzGaS8S4np29170-cbn-1-pit.wav,0.7302533
/home/stuart/coqui/falsekw2.aug/oU9p4GmCsMSCnv7F9TagNNDNMA7Bw9Fk9BG2BQTocuZy7799-cbn-2-pit-b.wav,0.734524
/home/stuart/coqui/falsekw2.aug/MTGPGSaXAvdWzk6SXDxDv85SbPwHLPCwYQcetWuCiZny16261-cbn-1-spd-t-b.wav,0.7347231
/home/stuart/coqui/falsekw2.aug/fQhykeXC6kDmdYJSCE8cp3EwfpmwDfsJdibmUbYeUxCd34693-cbn-1-spd.wav,0.7348896
/home/stuart/coqui/falsekw2.aug/BLjM9jkQrxhgALdrKEJgmNnrPMz4dkjYewHKwp3qz7cz34387-cbn-2-tem-b.wav,0.73640347
/home/stuart/coqui/falsekw2.aug/8TaQBmJk6m3uMdGhTGRtrBYnS3K9pyCnqT3baZVotWa521826-cbn-1-spd-t.wav,0.7421553
/home/stuart/coqui/falsekw2.aug/ey6RQTbmS45z9vEPPhz3ngTtkELsPBf7iHM2q2gk8AtP26332-cbn-2-pit-t.wav,0.7438396
/home/stuart/coqui/falsekw2.aug/QVGADiSdRiydHRqvXMFtSTG4AcftxgazsKoLHVTE2NZy13781-cbn-2-pit-b.wav,0.7441362
/home/stuart/coqui/falsekw2.aug/CJ7sCY23N5nzTxxDn69c73gKpLTmDHRDSBMccrhe2QYF22881-cbn-2-tem-b.wav,0.7443539
/home/stuart/coqui/falsekw2.aug/Ej2zQWtRoMnbxN2JzzDX8x3gwGmie8nKG7B3mp33B8EB15415-cbn-2-tem.wav,0.7449169
/home/stuart/coqui/falsekw2.aug/b9jookhjvZCXRqPJzuJL3U8hmndxj3C959mWTbwmLSZT34403-cbn-1-tem-b.wav,0.7454675
/home/stuart/coqui/falsekw2.aug/3hnL6QetxqaHULKz2Sb3VCYNuCwqXHE482v8G6GQPhDH6897-cbn-2-tem.wav,0.7469626
/home/stuart/coqui/falsekw2.aug/fh3u5NgoStwm95L5jp5bSuCPYbvHAZpJRzUCAWdCDvnq21843-cbn-2-pit-b.wav,0.7472394
/home/stuart/coqui/falsekw2.aug/X3SHSzpgjEPmrn2rAByXuUTgcDYzuMZb5oej9VagAUkr28343-cbn-2-tem-t-b.wav,0.7475495
/home/stuart/coqui/falsekw2.aug/n6rCPUGmuvXF7Xt7AyCRWJGScxyBaHXhp7apKNmtJYED26531-cbn-2-spd-t-b.wav,0.7489231
/home/stuart/coqui/falsekw2.aug/LKxqG8is7D2APyTGwkhMzWSHVDAwJF5TTSHVRDRzG3tX10884-cbn-2-tem-t-b.wav,0.75312114
/home/stuart/coqui/falsekw2.aug/T4ssZ5fu6bGceDt767AGZ7UvqGxu5oz5NPV6aPa5JR3z6001-cbn-1-tem-t-b.wav,0.7536175
/home/stuart/coqui/falsekw2.aug/CyZjeJgH73wRVJsjJvGyi7cqR52TxxrAWABqvGnYc3TZ34033-cbn-2-tem-t-b.wav,0.7539563
/home/stuart/coqui/falsekw2.aug/AEYYqyfnm6qU4cQM6SHxoB9YmbgAwzJpEfXudfVHzfSZ27057-cbn-2-spd-t-b.wav,0.7579699
/home/stuart/coqui/falsekw2.aug/b853Dy98fwDfd23j9nFvwN3YLG9N9TPjFNEhJ42CxLE821068-cbn-1-tem-t-b.wav,0.7612264
/home/stuart/coqui/falsekw2.aug/TmKEoMcJK84umX2Sb7o9henqfjPnmZ6dZxcZdx85A4Zx33335-cbn-2-tem-t.wav,0.7630222
/home/stuart/coqui/falsekw2.aug/8io58JjzsYdvwku58AASr6TCRHZgCW5juFxr98koAKUe19139-cbn-2-tem-b.wav,0.7655498
/home/stuart/coqui/falsekw2.aug/2Fg5utBKGgYa2vZR37DgxCQDt5WZ6S93fx36TPhXfMrM28280-cbn-2-pit-t.wav,0.76721936
/home/stuart/coqui/falsekw2.aug/cPBrZxwN8pJeCUPKmMfgXQDxEVqfCtdA2fVbYwMTYsWD25615-cbn-2-spd.wav,0.7673186
/home/stuart/coqui/falsekw2.aug/5jTEaCmtUoGfk8afXVGtWtHYxpf5ja3NKd9435BYKuCJ32556-cbn-1-spd-b.wav,0.769984
/home/stuart/coqui/falsekw2.aug/GdKULW4eZHpGi2HmJTEMqqeQRMDAUGokMhHWD4djLYgm39162-cbn-1-tem-b.wav,0.7708852
/home/stuart/coqui/falsekw2.aug/93ix9EDoAu7CcBkWiK2HuyoPvtvyces2HsjsEKjiMoMz23917-cbn-2-tem-b.wav,0.77115464
/home/stuart/coqui/falsekw2.aug/SXu8GNBgvzTHmJJCo8DxkBZgvknXqVF3LSGgGsTvEcX28057-cbn-1-tem.wav,0.7712773
/home/stuart/coqui/falsekw2.aug/afJcab4GtNxJCm56NGuhbrkRjsrhibez8NfghV4zdHsf6675-cbn-1-tem-t-b.wav,0.77168435
/home/stuart/coqui/falsekw2.aug/LBzDG9h79m6ehHBAQP8kj44qBW7jJ4UiQYPckvfZWMTR22766-cbn-1-tem-t.wav,0.772637
/home/stuart/coqui/falsekw2.aug/fb2jfw2KZRPh2Rp2J9pvAmMgy7yqRvkws2aWU7XHHfi67207-cbn-1-spd-t-b.wav,0.77278155
/home/stuart/coqui/falsekw2.aug/MwSahWTF5LK6i8CPjCuNbNQ9UmnmZnkQHs3EwU2BmDjF34034-cbn-1-spd-b.wav,0.7735167
/home/stuart/coqui/falsekw2.aug/RVp97xpbN8ha9T4iMSV3LW7yFyx3C6msrAeYuH29Csp43769-cbn-2-spd-b.wav,0.7736856
/home/stuart/coqui/falsekw2.aug/JGUvSx3xkdyZ4AcP5eGK74JpCRsVFmgKfDUs9MpTxTnd7622-cbn-2-tem-b.wav,0.77814734
/home/stuart/coqui/falsekw2.aug/bFdMvFCU5MUKzrct8BhxQFYtTvffZj8C7UeLuX2b6PeH34009-cbn-1-tem-t.wav,0.77906746
/home/stuart/coqui/falsekw2.aug/f9L4HNQ7KhTK7ZfATgNtydSyuoy3sfVhkmDyMgzraV4A31232-cbn-2-tem-b.wav,0.7803131
/home/stuart/coqui/falsekw2.aug/9MGXrSbsJ8DhL2hjeJ3wTUXGkbE7HbzLayPxW4X28Wgg36053-cbn-1-tem.wav,0.78342927
/home/stuart/coqui/falsekw2.aug/PecUtVW8JrKW7UJvSbeCPfX9LpnDTYa8Nw4Zxh3Nc77A25293-cbn-1-spd-b.wav,0.7863371
/home/stuart/coqui/falsekw2.aug/jA8E3N8A6fgH2BxPheX8G2CGMEaG3bGzgVDz2udXT6si10811-cbn-1-tem-t.wav,0.79033846
/home/stuart/coqui/falsekw2.aug/7hsW4HhXNaxuYRqH7SxRtpXVmq86Gu5K2XREEsEUNKfP6676-cbn-1-pit-t.wav,0.7904216
/home/stuart/coqui/falsekw2.aug/kXLFWgdxQM3nSsHeCNCqeZaaQ3QWH6Xr6q4wNSL2vjSD2058-cbn-2-spd-t-b.wav,0.79130954
/home/stuart/coqui/falsekw2.aug/bMqk9pZAngL8ucYua9nc5K4EAAueHBkTsf4kLUwkGnFT54-cbn-2-pit-t-b.wav,0.791651
/home/stuart/coqui/falsekw2.aug/oBKWNbfKW3eoAU8zoMLrioEVYV45EYDYYD6sZ2BDcEQZ26816-cbn-2-spd-t.wav,0.7944593
/home/stuart/coqui/falsekw2.aug/css3hMSG9meKLgrbHmcdG9RxzcVQCx4Z6fL7dEgHESJF22768-cbn-1-tem-t.wav,0.7950308
/home/stuart/coqui/falsekw2.aug/HTz55Noti2qjfAQ794kbhhXXSZwNUPja7f4mTT9TA5bo28495-cbn-2-pit-t.wav,0.7961535
/home/stuart/coqui/falsekw2.aug/6bZtmSoxVJWP79BjCGZgD6RXfwTFpqJtu5cFZQWnVFgb18769-cbn-1-pit-b.wav,0.79621756
/home/stuart/coqui/falsekw2.aug/RPXufx4Z8y8LcvcEZuK6oJXYUG2tXTwvJfoAHXEwWh8R6806-cbn-2-tem-b.wav,0.79645735
/home/stuart/coqui/falsekw2.aug/ZDRPmXxZwgYZ88NHRGCeQYm9o2fvzeZ8fe8HMS3z7AS529696-cbn-2-tem-b.wav,0.7964616
/home/stuart/coqui/falsekw2.aug/dPvCTsprQfFP6Rty34puAgPXcKEGR534cB2WNSrepo3n58-cbn-1-pit.wav,0.7975115
/home/stuart/coqui/falsekw2.aug/AXb28JWGfqoTm4vqLASf37LxZaPVErBbNhwpgwKxtE4m26342-cbn-2-tem.wav,0.79861647
/home/stuart/coqui/falsekw2.aug/FEkNVo6ibxFV5EHSDmNMdthVynSMp2UK8vzbqWPLYwSE2437-cbn-1-tem-t-b.wav,0.7999666
/home/stuart/coqui/falsekw2.aug/LvQA9okUvysdH6KBGwZabBb2a6PZJy49eCvzx3sqeg4B27597-cbn-1-pit.wav,0.80024207
/home/stuart/coqui/falsekw2.aug/bcfETxVXRfhi4kcqHWmNcbDEWAwQsrYY4zzWSvL7r4wZ23238-cbn-1-tem-b.wav,0.8003853
/home/stuart/coqui/falsekw2.aug/NMdVFtDDrXjTVaYjLRbXWiPdRvEyrzadYBreuB8GN5nt7692-cbn-2-pit.wav,0.8043793
/home/stuart/coqui/falsekw2.aug/FD24tJSuJatbximtpqUdKGDufGTEsrLeEhX2JMPgjmCL2718-cbn-2-spd-t-b.wav,0.80657876
/home/stuart/coqui/falsekw2.aug/TsrrA3vymWfQGBysJKRzvGbtm8un63DREQkYLd8D5Snk15685-cbn-2-tem-t.wav,0.8125675
/home/stuart/coqui/falsekw2.aug/5qQxETUW6b8tcgT3gy8HdoNwYc4kfvqNvfU9bPnNTtn89849-cbn-2-spd-t.wav,0.8125986
/home/stuart/coqui/falsekw2.aug/ApXo2LHXs4BMWjWBKFaBnPCc6SNqpzK323NY7odNSPHd14728-cbn-1-spd.wav,0.812895
/home/stuart/coqui/falsekw2.aug/8vQ4XkMyQSwbVTotbEK94v33MW8MqV7WRWeuPUKUTdR627491-cbn-1-tem-b.wav,0.8147441
/home/stuart/coqui/falsekw2.aug/84dSyC5nwNG5CfikgCKduWiBCd6A9oshSwjr7AoQJCoF8184-cbn-1-tem.wav,0.8154677
/home/stuart/coqui/falsekw2.aug/GcDG8KYDAR9aK5cF974A4ZCpJB8rVKaZopQXvDkAaPc93773-cbn-1-tem-t.wav,0.8155831
/home/stuart/coqui/falsekw2.aug/gM4m4zPY28BrcvbiRTSn3pU6dE8vwFZo7NVDPWM7bQCH38581-cbn-2-tem.wav,0.81773704
/home/stuart/coqui/falsekw2.aug/oYSwZuo3K8HYRZYo82RVE4bPaQ2AmZwe3e3GLGBPZohr7103-cbn-2-spd-t.wav,0.81861234
/home/stuart/coqui/falsekw2.aug/hBwJZyYQCA2ewaYJ9nYjNPXiRhY2mAvPtdmBfpRQBCDB8475-cbn-1-spd-b.wav,0.81898934
/home/stuart/coqui/falsekw2.aug/G3YC2kERYCVTZApUmodXaiRHCkLp9nyLkXAJbrB8C2vv6917-cbn-2-pit-t.wav,0.8206305
/home/stuart/coqui/falsekw2.aug/RUku2gEaQykfqukWqLpMgNPYybUMZJJ4rncCCs8VsVuP12424-cbn-2-pit-b.wav,0.8211514
/home/stuart/coqui/falsekw2.aug/D3CY7iyECYHr4FLRc8SKxPeyGcJnABqbtYYBDwa6vR2S24540-cbn-2-tem-t-b.wav,0.823832
/home/stuart/coqui/falsekw2.aug/JdrLf3uevJoaFU5usKLbWJfxDnXbZsjndVGtu5npv2L738894-cbn-2-pit.wav,0.8238703
/home/stuart/coqui/falsekw2.aug/3pBamKMgeQK647GvJR6RTjEgpbNNyB3BhRGK9nADKkNC19583-cbn-2-tem.wav,0.825417
/home/stuart/coqui/falsekw2.aug/NgfTf4GPHPpuwZuydSeQ6va55jSzJ7Mmra2wgYsLACSG25733-cbn-1-tem-t-b.wav,0.8258759
/home/stuart/coqui/falsekw2.aug/UKHpg3UT5ynPXKwtVqAaFLCARzsQvzZxJbtpCCqJbyGh5794-cbn-1-tem-b.wav,0.82857084
/home/stuart/coqui/falsekw2.aug/QazREJQQRKtoMqKBW5yEcHDp5GuDzUtfdMxBuF4tFnN79052-cbn-1-spd-b.wav,0.8298984
/home/stuart/coqui/falsekw2.aug/ZK4QbkjVhicntQ2Jaz3H5XCSPKg8LKD5B5p9rAJsyZxT6517-cbn-2-pit-t-b.wav,0.83044004
/home/stuart/coqui/falsekw2.aug/UvLMUnuhVHWMwPWTXXwN76ENNixFyWLFf59Mu35oXDQL6996-cbn-2-pit-t-b.wav,0.8306411
/home/stuart/coqui/falsekw2.aug/GaoFBmHJVyRCqrs786eLLpNwSvF2eLqNbYsmCDPLAZmR26251-cbn-1-tem-b.wav,0.8306744
/home/stuart/coqui/falsekw2.aug/bHvyvopA9xBrzbMMYkpr7kV5RqmH7ZJEwKfMmoM5NQub18116-cbn-2-spd-t-b.wav,0.830989
/home/stuart/coqui/falsekw2.aug/ieKimqqzLBzYkp2fJRXkMNnhWe34Xv2cheLUZvY26Db815197-cbn-1-pit-b.wav,0.8315862
/home/stuart/coqui/falsekw2.aug/J2dcqq8R48qUxoRKvGrPAsBrsw9UPZgL93qEGaqcqR4b29439-cbn-2-spd-t.wav,0.83202916
/home/stuart/coqui/falsekw2.aug/d5hgzDxxi7Y6QdpUw7H5Rh83UCrzN6qiUDiAaCTVK6Up12128-cbn-1-spd-b.wav,0.8322856
/home/stuart/coqui/falsekw2.aug/CDG67P6xUtDdfy8LtWotyCbj8iKkU8TiujuDdqau7aX323139-cbn-1-pit-b.wav,0.8339381
/home/stuart/coqui/falsekw2.aug/3g4DWS7qcciCGpDc78xPvqaSfc9SHRm9ywqV8zy9igvL7836-cbn-2-tem-t-b.wav,0.8347656
/home/stuart/coqui/falsekw2.aug/656dy6kYuaHaAyqq56guPbA4FDqqFyCc2SwrdLdNmzd627478-cbn-1-tem.wav,0.83628494
/home/stuart/coqui/falsekw2.aug/QFEUNajwmABe74ymiHGaAi7wPXTsxTgoHT3K9e47meH930839-cbn-1-pit.wav,0.8364272
/home/stuart/coqui/falsekw2.aug/UpSc2jXrvYS8mA2kR4fjeN4GPJiA5sbR22XtgBKERHib25294-cbn-1-tem-t-b.wav,0.836603
/home/stuart/coqui/falsekw2.aug/RQR5XcNPqGDDFSyPYJSgg9NKcmEE6fGfkhX4LJ2dRvcR26836-cbn-1-tem-t.wav,0.8372514
/home/stuart/coqui/falsekw2.aug/dVxX7utpLzajPaWtnHmAadQuFyzbh5ycJQ7TJyKrJbfq7913-cbn-1-pit-t-b.wav,0.8388579
/home/stuart/coqui/falsekw2.aug/KLysF5ckTwVxkFaE7Bxzc2S7ktMHE5ZwrHZXQmgKa4rG5858-cbn-2-tem-t-b.wav,0.83897823
/home/stuart/coqui/falsekw2.aug/dkTBBA6hHzCkkq4AeL8vso7rRG22N7HWQ9v2wxKkciAe39066-cbn-1-tem-t-b.wav,0.83991617
/home/stuart/coqui/falsekw2.aug/4ZnjNCCzaNWiDdBDW38uweWsKGsGpYYfLREJBBcdrjNb3611-cbn-2-tem-t-b.wav,0.84031564
/home/stuart/coqui/falsekw2.aug/XFpQUDECJmHoV4TLzb9eZK55Ba7DKvRAkZM8piK6RQyK34346-cbn-1-spd.wav,0.8404608
/home/stuart/coqui/falsekw2.aug/AKZmVem8kypREXdVFp6fWhUNCfL9dcr5ZbLBbZcrAfUQ26463-cbn-1-tem.wav,0.8406082
/home/stuart/coqui/falsekw2.aug/iPQSbWYZTHjBjzSEEFNrALenDiuavyQLTJLBUirichWf29677-cbn-2-pit-t-b.wav,0.84063
/home/stuart/coqui/falsekw2.aug/Dn3f8f2wtZxioyg6oT3oHTNWPxWnJAhrvMimHhZGhs5A15754-cbn-2-tem-t-b.wav,0.8409745
/home/stuart/coqui/falsekw2.aug/mtec47Sk6MHLUDFTDwFRvNSMdw7DN6sZ3Dw5vcKtLdhM29441-cbn-1-tem-t.wav,0.84158
/home/stuart/coqui/falsekw2.aug/A6b5bZamdkJB4SHSfsMK9kBZYo7DxjJYB2YE6wFp9smf28310-cbn-2-tem.wav,0.84159964
/home/stuart/coqui/falsekw2.aug/GSSyoRhbPmtMi6mjkUeLEHfEENZN5ApzHkJzaAnPzsaw21368-cbn-1-tem.wav,0.84169596
/home/stuart/coqui/falsekw2.aug/8xeopJJ53PsFYWXhphBjpZoBowCeaVk85ra5FugBtGXa6649-cbn-1-tem-b.wav,0.8423376
/home/stuart/coqui/falsekw2.aug/52n4SNTm9bBxDYwwAXAzYNCLxPbUSzUXABov3kTmvnFY2028-cbn-2-tem-t-b.wav,0.8432472
/home/stuart/coqui/falsekw2.aug/MxjGMtorxg6FhHrDx7xHNXbRZRPJRKAjfT8W8F2as74A30455-cbn-1-tem-t.wav,0.8432483
/home/stuart/coqui/falsekw2.aug/5qaLRt9uDrBssR8JeBpr8mS4tRCcPzgKCd55oQ488E6i23141-cbn-1-spd-t.wav,0.8436755
/home/stuart/coqui/falsekw2.aug/n7jt7AufsmUZqFcfnxNTs7dFLM4Lwgi82JuokGCt5mQk30592-cbn-2-tem.wav,0.8439944
/home/stuart/coqui/falsekw2.aug/Uazapm7zYDqqSaoqTLWxvXgEpNLnJCcyd9CfrTyH2XHp17419-cbn-2-pit-t-b.wav,0.8447276
/home/stuart/coqui/falsekw2.aug/bVfWxUtwLGLVP3D3gaWGwVPHPnbuKjSxuFWUzQwDnfEu29359-cbn-1-pit-t-b.wav,0.8460666
/home/stuart/coqui/falsekw2.aug/7tzj7dka3ukLWSsee7W5YeaPD3zKrqxfNRCCDYaCGtoZ38234-cbn-2-tem-t-b.wav,0.8462364
/home/stuart/coqui/falsekw2.aug/6LvHX4fgotQTvtsu9Voik2PNHwKEPpT53TPhNsvGSqNd37578-cbn-2-tem-t-b.wav,0.84684783
/home/stuart/coqui/falsekw2.aug/V9To8a4xEU3hyraLLHWqggLLLZBNi77PBuexrsaoRGvY8404-cbn-2-pit-t-b.wav,0.84735006
/home/stuart/coqui/falsekw2.aug/e2cuscTcdnRkHVChHnGZaqPTkbiuWBEaVLU2Lk8oRJut21632-cbn-1-spd.wav,0.8480034
/home/stuart/coqui/falsekw2.aug/5B4JsaaWDwoGYhcBoudwoofKk3zXmXNvazPmCAqWoMtg18773-cbn-1-pit-t-b.wav,0.8480057
/home/stuart/coqui/falsekw2.aug/3LiCabE8MNfbZt5uFKfRGJEsQc9eyVbZDiyQFMxzdZzw10305-cbn-2-spd-b.wav,0.8481829
/home/stuart/coqui/falsekw2.aug/axoeRMVuUE3gHDsvXmQG2YinchLuVwQyHZvAXLx25Y8g34253-cbn-1-tem.wav,0.8482738
/home/stuart/coqui/falsekw2.aug/8FydabGPCaCYfkQ46ZP9VH7ganrDGuV5nRMoeVDq6Sq57694-cbn-2-pit-b.wav,0.8507737
/home/stuart/coqui/falsekw2.aug/M5s4GBKpvwjo8Gy855n3MAiymm9fMo2LWxLHZGpLCEn51456-cbn-2-tem-t.wav,0.85094327
/home/stuart/coqui/falsekw2.aug/2mSUGGYjskTGuCVoW67vGTU3WGfptzcMotnrpcCLLPrE26808-cbn-2-tem-b.wav,0.85156816
/home/stuart/coqui/falsekw2.aug/9NKajtZ9CmugiYq4XY33WYixUSyYyG2FYL6jnd57Asc69813-cbn-2-tem-t.wav,0.8517967
/home/stuart/coqui/falsekw2.aug/BrMk8yRDKa7afqb256pk3MkB2vE94RX6vUZunJMGbTSV27343-cbn-1-tem-t-b.wav,0.85190654
/home/stuart/coqui/falsekw2.aug/hzbo6zVsJrtc62RMY9DNvi2WJUC2LCJbSmS8wNcfFP9F30288-cbn-1-spd-t.wav,0.8534741
/home/stuart/coqui/falsekw2.aug/7A9m6Qd9478wsen5nLruqHFuRTBUAtvqSdxyw3HH7Jha29705-cbn-2-tem-t.wav,0.8539349
/home/stuart/coqui/falsekw2.aug/M5gQ4m4VR9Xj6qTrDstxCpRAfyAdau4cwkHUDQsehv8c15568-cbn-2-spd.wav,0.85511476
/home/stuart/coqui/falsekw2.aug/2Am4j63j9euH6HKsX5cMKZ2uapjiRxAxw5K3J2WRugrw34865-cbn-2-pit-t-b.wav,0.8554414
/home/stuart/coqui/falsekw2.aug/JHZLRpaiB6X7HfUNRGQTwLiHT4gZzBTH6BatxC5C5CCj29493-cbn-2-pit-t.wav,0.8561372
/home/stuart/coqui/falsekw2.aug/AmBN8rJwHKC8BeAcUMyH9tHAkKkqvVNpuwXf3morpU2Q3208-cbn-2-pit-t-b.wav,0.85623056
/home/stuart/coqui/falsekw2.aug/ZiTNLa69dDs27CoDUyKAeKaMZxW695QPSJMWaJ4z3kPT13448-cbn-1-pit-t-b.wav,0.85761344
/home/stuart/coqui/falsekw2.aug/bYuHdzCKWNbwKtrYiZqnvhTSY6eqyAvwXLGgGBYLverJ9628-cbn-1-spd.wav,0.85928434
/home/stuart/coqui/falsekw2.aug/3nfeyv74bPxT7RioWt6xwrb9ukzZmuvqTydjnnxxhPJ924106-cbn-1-pit.wav,0.86109453
/home/stuart/coqui/falsekw2.aug/RGu7JFEAtvHjXtCFswsALYDBhGN8rAmodBPV3obbdUMH6562-cbn-2-pit-t.wav,0.86154777
/home/stuart/coqui/falsekw2.aug/TvT25VxSgMRfvCDUkrtBjnNuNCa92TArsuk4BgErgv6L28281-cbn-2-spd-t.wav,0.8616509
/home/stuart/coqui/falsekw2.aug/6JWDAJnLF78oxxNmTQosgRS52UBzzemcfimSiUKJpeAc23344-cbn-2-tem.wav,0.8619481
/home/stuart/coqui/falsekw2.aug/FRuFPfzcsumcNxy5qEpdxVDNUc8WCmwADVvMsyisUjyr23556-cbn-1-spd-t.wav,0.8628088
/home/stuart/coqui/falsekw2.aug/iV3kRzibh3QTkYtmrTDKtVcwTkdoefF5VNhJDYqNZgwo20116-cbn-1-pit-t-b.wav,0.8631041
/home/stuart/coqui/falsekw2.aug/hEpfy5WiZvdi6VNvs5ZckWNpL8rzzVsZ9PG6wyaPLCyF6673-cbn-1-tem.wav,0.86389285
/home/stuart/coqui/falsekw2.aug/dbXi7yxk2KUnKCHEW6BJZ3QAcyvwjNqHYUoC4weuduTh23262-cbn-1-spd-t.wav,0.8640704
/home/stuart/coqui/falsekw2.aug/jQL9oFQYz6SGkwZRh7XMobVBMWsHrPxU39qXjKWvTo7h34147-cbn-2-tem.wav,0.86497587
/home/stuart/coqui/falsekw2.aug/DBLPJptwZ5cnyoHGeZVKCD7MtWZg9DEiVXcjrSHDmtBF36054-cbn-1-tem-t-b.wav,0.8656814
/home/stuart/coqui/falsekw2.aug/UCfSc4jyL7GHoYkKxamWjNmfbcq3RxWtLDHsqARqRXeH26767-cbn-1-spd.wav,0.8667822
/home/stuart/coqui/falsekw2.aug/ZAy2LyjjoXk6UUny33rrHE7359UnFoo4ArGNWznRJTde35700-cbn-1-spd-t.wav,0.8678918
/home/stuart/coqui/falsekw2.aug/kQcP4wa8Vs4RnXkt85gRodkpQvizdfYsV8r98fw5DKrJ21612-cbn-2-tem-t.wav,0.8680001
/home/stuart/coqui/falsekw2.aug/Em7uNsQ2h2bhBSFqt7rmGVTYJa6czQ7JDz3zF6NVksKw22875-cbn-2-pit-t.wav,0.8680136
/home/stuart/coqui/falsekw2.aug/iyuRNjbvg9TU3vmR7FGT9kBevKJ7GPDv5uX4pZx34ZfC33402-cbn-2-spd-t-b.wav,0.86832416
/home/stuart/coqui/falsekw2.aug/5FLnRMRja8M7PZst4CYCmfUGTDQpa6kpdEX9pwXuh5De14725-cbn-2-pit-t.wav,0.86897624
/home/stuart/coqui/falsekw2.aug/j5AFsKcyxkCTrbzMqwKmiUMyDkvAEmMf2HWi4v4nVSF813092-cbn-2-tem-t.wav,0.8698343
/home/stuart/coqui/falsekw2.aug/4vgMdM8JTpmkTmhCvHC9awNS6V97c6eCSHhaXR2ndhcW27841-cbn-1-tem-b.wav,0.86985207
/home/stuart/coqui/falsekw2.aug/B92v7p4rr38WNC3FjHMXvuB5KKDtM3Eu3FLtGw7MMReE30291-cbn-2-pit-t.wav,0.8699803
/home/stuart/coqui/falsekw2.aug/ksJYZEP5GbWHhjGZ3xxqP6Tsx8HaEG6QqKaGxUgRhuTU26493-cbn-1-tem-t.wav,0.8706947
/home/stuart/coqui/falsekw2.aug/fRoArCjhfxdDaUUHgu6K4E5tbPXyvazPf2SmswaN2iLJ33333-cbn-2-tem-b.wav,0.87111413
/home/stuart/coqui/falsekw2.aug/XQiRvNaWPRioCWJUBM9X95L47hfu7n67HBtARm2Kpgjx11275-cbn-1-spd.wav,0.87132597
/home/stuart/coqui/falsekw2.aug/5gyVACB9ST4vqWRNQufrNTjp3nJ6nZ4VX89wi6Z5cij420480-cbn-1-spd-b.wav,0.87186426
/home/stuart/coqui/falsekw2.aug/KcR4Y8GSYzvYhSYfK4zHjqNnf4CgFMvw3JVqdNU5s9qj32394-cbn-2-spd.wav,0.8719132
/home/stuart/coqui/falsekw2.aug/ai6SZPgcTEWtYRvDnsA63Q9xkhJ4Z3XqW8Qb93aQJ5kR10104-cbn-1-pit.wav,0.8721347
/home/stuart/coqui/falsekw2.aug/mvcQYAJAW2zLYSzP9wnfxQjsrzRZA4E33ENmXCgKhKP926494-cbn-1-tem-b.wav,0.87235296
/home/stuart/coqui/falsekw2.aug/L7xBXzg3NraKQ4vNmzt66MR3Z7Lk6HK2A85AYzARLR4F16105-cbn-2-spd-t-b.wav,0.8724374
/home/stuart/coqui/falsekw2.aug/aK5ozcBmtZnfxyGSKfEMx8AVYY5GYLzi4FALHKVPcroS25799-cbn-2-tem-t-b.wav,0.8738076
/home/stuart/coqui/falsekw2.aug/AouKTthrgCvtvjQREmzTMDAiGfiemPmMd4LNMmbKmrPd9869-cbn-1-tem.wav,0.8742675
/home/stuart/coqui/falsekw2.aug/HY8URUSYiHnXtdNVz2F75CC49TWZHdukjRFQAk2hV9So14947-cbn-2-spd-t-b.wav,0.87517005
/home/stuart/coqui/falsekw2.aug/NRWjsfgeoAUGqDpo5MTQDXDWW9ShhH8reMpFUo9Eidim9816-cbn-2-tem-t.wav,0.8753252
/home/stuart/coqui/falsekw2.aug/hVw5VC3aL3NFqLwEBKVL8jnb3xvQNMszoAv89EkB9PHH3483-cbn-2-pit-b.wav,0.87539244
/home/stuart/coqui/falsekw2.aug/abyUE8iYcTBmpdyWziWTcz8zk39zfARu2PKYjEjopbyW15846-cbn-2-tem.wav,0.8756914
/home/stuart/coqui/falsekw2.aug/E2DNAd6L2BtTZP6aqCEaj8ishhbAXnp89VfTwLCxzo9p3470-cbn-1-spd.wav,0.87611485
/home/stuart/coqui/falsekw2.aug/d6QWS5BrQwRaVkJeCWxRXTN7Vv3YSfGdGez2hg3Rqo3Q10031-cbn-1-tem.wav,0.87628436
/home/stuart/coqui/falsekw2.aug/DUpEH4xAzPbsdQ8YwSjfduQU2qMH2ayDsyN98iMgDDFQ26456-cbn-2-spd-t.wav,0.8769847
/home/stuart/coqui/falsekw2.aug/SJHY3r5bAwwF222ijDSgnWUa2Gabi9uSRf3gNBuQwtwc29826-cbn-2-pit-t-b.wav,0.8772887
/home/stuart/coqui/falsekw2.aug/o7BzZdERdptHN7qjoKfhvRMgqfuwYihdfuvS8259JfF927850-cbn-2-tem-t-b.wav,0.8774216
/home/stuart/coqui/falsekw2.aug/QzHLUSEoGCcziqRPtzrBuNNbqRkEeZhcYJizPufbxJim16103-cbn-2-tem-t-b.wav,0.8775202
/home/stuart/coqui/falsekw2.aug/9fT8xCDP6j84HusuGbk4E54CvA47EsYYSPeQy2BkZj9Q33092-cbn-2-tem-t.wav,0.8775346
/home/stuart/coqui/falsekw2.aug/NGZs8s2JX2ViWwb3BJodQedJqDWcasDoTA8JnLTrNcyw9562-cbn-1-pit-t.wav,0.8776021
/home/stuart/coqui/falsekw2.aug/VdBhWXzZApU2ET43yL89xMSs2QbsohN3LTAVphQs68GV23539-cbn-2-pit-t.wav,0.8788669
/home/stuart/coqui/falsekw2.aug/fEeVkvSXrnvaqeWaZkwAEeNpEr4MxBawLEPTufSmDNok7442-cbn-1-pit-t-b.wav,0.87892014
/home/stuart/coqui/falsekw2.aug/njooXUfFUK7UPQDS5suhCVMgy7yqRvkws2aWU7XHHfi67207-cbn-2-pit-t.wav,0.8791486
/home/stuart/coqui/falsekw2.aug/2BVdwutEGtxsGmqjmaDHZmkUmoQfQWF77JgTdxDdcLKY35559-cbn-1-spd-t-b.wav,0.87931895
/home/stuart/coqui/falsekw2.aug/ZsnX6TziiD8sbGEbJgUp4M4AJGWEdmb9PyroPFpZqp5j26326-cbn-2-tem.wav,0.87990874
/home/stuart/coqui/falsekw2.aug/R9eU5zdwHuEKMTfJeUUybjD6BWN3STwhbyXZypujhfR335653-cbn-2-tem.wav,0.8805941
/home/stuart/coqui/falsekw2.aug/hBnxowwq83sDUUwf3cdNjBdNuJYX7NGJQryPzmXfPEny30485-cbn-1-pit-t.wav,0.88069123
/home/stuart/coqui/falsekw2.aug/hfad222cDQJbanDDXXAr339qALMinawHNt4VwQ3criq220121-cbn-2-tem.wav,0.8815152
/home/stuart/coqui/falsekw2.aug/mAFn5VNug4CWEPKBbAs7NH9ht7pddEb5TDBEuykbKAk528091-cbn-1-spd-b.wav,0.8819929
/home/stuart/coqui/falsekw2.aug/mHpGEgkvgXGNVsJLUZxp3TSzqRFqZDZzwBb4tUDfqFQY13309-cbn-1-pit.wav,0.88285005
/home/stuart/coqui/falsekw2.aug/Z67xDmEQhNSDK5U96wqWef54akB6QQNv6MtodhSowPph24592-cbn-2-tem-t-b.wav,0.88340825
/home/stuart/coqui/falsekw2.aug/ZpLjKgksXyMkQDXgmMbnaF2GSmQ2jCL5KM2BCVmhuif722811-cbn-1-tem-b.wav,0.8835837
/home/stuart/coqui/falsekw2.aug/SWReGPD9rF6JVT6dceb3WuQGjLspnb5P86QfnnmcZEYW409-cbn-2-pit.wav,0.88447773
/home/stuart/coqui/falsekw2.aug/jstruAksgwse255czFkBAk5Em7wcEtsVBkTa3mrG94kn3456-cbn-2-tem-t-b.wav,0.8847391
/home/stuart/coqui/falsekw2.aug/KzYt4qGHY3gnSHXRGzYS8V3AwbXDLw9V7A2ynhXaUWZH26071-cbn-2-spd-b.wav,0.88512194
/home/stuart/coqui/falsekw2.aug/VBgN9zbqNuSmEd72HXpmUnjoPtEXvvGo9vaGePhnFe3Z26062-cbn-1-pit-t-b.wav,0.88613164
/home/stuart/coqui/falsekw2.aug/Ez7QyjPtGvFU6UKwzLtGZ6FhFxyn9DAMMG63twNUKLfh34624-cbn-2-tem-b.wav,0.88625115
/home/stuart/coqui/falsekw2.aug/LBNrjoni8HuWce3UgiLaFCZAhqybSqviHaZNtpfLKeir11573-cbn-2-tem-t-b.wav,0.8863268
/home/stuart/coqui/falsekw2.aug/RK5bftzu7jrgQ8JEUkPJXpLNYaLSzMN5PyWve6YYggf62064-cbn-2-spd.wav,0.886626
/home/stuart/coqui/falsekw2.aug/PGAjkvEJtUCLqJ4iHs6Y93a5mLcxK8fWCnNLPQteZi3S26711-cbn-1-tem.wav,0.8869025
/home/stuart/coqui/falsekw2.aug/MrBRSkTm93eLGVWXLtZptxnghyPWCcaq7iU2v3G5vJiz4366-cbn-2-tem-b.wav,0.8879488
/home/stuart/coqui/falsekw2.aug/PDNyegmdhZbvnF2MdayJUg5i8oTRvjp3Lp6ehLLn58CC35054-cbn-2-pit-t-b.wav,0.88802356
/home/stuart/coqui/falsekw2.aug/ADDxLEvPEmkZpM7Ncz2tn5F7ybKGLCpLAMhxq2bVpTDC29162-cbn-2-spd-t-b.wav,0.88813233
/home/stuart/coqui/falsekw2.aug/iQR8GtCJjeJiEV3kmeg8YvB6sDJuqDDKk7GHsoP9oxUF9633-cbn-2-tem-t.wav,0.8884667
/home/stuart/coqui/falsekw2.aug/V2UzjxXArT8uhaavsEQrReKSnJbrbqczSRaNMh3ptRPn9142-cbn-2-tem-b.wav,0.8899296
/home/stuart/coqui/falsekw2.aug/TF2e3wUeQnEdHXyTM6io8pAggYPpmh7apf4qRPJhkRpQ10501-cbn-2-tem.wav,0.8899619
/home/stuart/coqui/falsekw2.aug/JWbFB4uQGNfdFLnSfq3DQBmXBVU5fWMojz5LynwXkaU328569-cbn-1-pit-b.wav,0.8900284
/home/stuart/coqui/falsekw2.aug/Ca9wFj8DDPNDjzunupCvKp5wVY4pMSJMyNEGxTS2boRo21761-cbn-2-spd-t.wav,0.89044213
/home/stuart/coqui/falsekw2.aug/NiatF9C3yXSnwoiwtMj29fFgv3g23nZA8HhNxsncw6Ek31770-cbn-2-tem.wav,0.89233464
/home/stuart/coqui/falsekw2.aug/kMPMmJYiACcS6ChfMD4kagSJWCYFf5CUymbpCQazeDzJ1625-cbn-1-tem-t.wav,0.89274424
/home/stuart/coqui/falsekw2.aug/JE2BzBSMbFMnGreuNZyHXVb5vmJT58UFikuCvPA9xbon7095-cbn-2-pit-b.wav,0.8928226
/home/stuart/coqui/falsekw2.aug/iAQspDo3T3PNR8wjUixVsRKmvkFkiGbvAxztLFpjEow533251-cbn-1-tem-b.wav,0.89285517
/home/stuart/coqui/falsekw2.aug/6z9agLEEteN9sphpEonfAF3uHxQCDAceYLenoxYLLxqF34375-cbn-1-tem-b.wav,0.8936969
/home/stuart/coqui/falsekw2.aug/6w6zTerKh2PqestKrEsQUz3FMhKYKtA55JNn6WGGyFGs16646-cbn-1-pit-t-b.wav,0.8937167
/home/stuart/coqui/falsekw2.aug/ZaC8YcLppoSD4P6WnRSFzzUW2TAVVma6qGnwKLpqjc9p15890-cbn-2-spd-t.wav,0.89461756
/home/stuart/coqui/falsekw2.aug/m7uasEFLm9JDnzNKRXbHGLGRdkpEuiCAHKtiUaPJcVgD21064-cbn-1-tem.wav,0.8948677
/home/stuart/coqui/falsekw2.aug/P8Pu2xWGGjJqKaciRiPFrDL36zCSP6SMk5eNmdKySkFr18764-cbn-1-spd-t-b.wav,0.89518553
/home/stuart/coqui/falsekw2.aug/oDkJWJG4Fb3GkuwjmZXv8whRkeaCPXVoUd7TMK3icDkS8063-cbn-2-tem-t.wav,0.89636755
/home/stuart/coqui/falsekw2.aug/cLPDm55Z34xZ5edWw5tkXxDFxX5RjY8pTgj6hD84vnru29707-cbn-2-tem-t-b.wav,0.8964954
/home/stuart/coqui/falsekw2.aug/Eo7dCkCoGuzWfdoeb7uWaRkB2vE94RX6vUZunJMGbTSV27343-cbn-2-pit-t-b.wav,0.89717174
/home/stuart/coqui/falsekw2.aug/Zeyioj7FcmwjWhKXgZMYFrNQ2C2H3zXZxQuK3JmkScCN3795-cbn-2-pit-t.wav,0.8982933
/home/stuart/coqui/falsekw2.aug/We8twRn6poAQYSZFzXgnPwLFkiqSBWbcZ5fPNBAGcAnq26020-cbn-2-pit-t-b.wav,0.89835364
/home/stuart/coqui/falsekw2.aug/n79XnS8RL3tpZkEx694aaqUMsZctKWpFfDYUmoaWmCpb8861-cbn-1-pit-t-b.wav,0.8996241
/home/stuart/coqui/falsekw2.aug/A3Pz2VUprJSRosL9fN66QUDqCFNKtcNAaNV6GvjcbUnG12848-cbn-2-pit-t-b.wav,0.89962476
/home/stuart/coqui/falsekw2.aug/hjRrB2huqyMqsyDGNWum82JfsqyHc7em8F6K7dwqrUfm27413-cbn-2-tem-t.wav,0.8997247
/home/stuart/coqui/falsekw2.aug/PvjePkG68vuHCjTEXjERDwTEo6nzrpx9xVzbxfoyY2Sh25093-cbn-1-spd-b.wav,0.9000072
/home/stuart/coqui/falsekw2.aug/Rbjqo246bQGrcqFnprxZShYy3CJ5G8Xg2qKqZwGDR9Y834332-cbn-1-tem-t-b.wav,0.9000125
/home/stuart/coqui/falsekw2.aug/AP5CrRnoqv8eWJbHf36tNx5rYnhjWnxj3EqL4sxZG4JZ25907-cbn-1-spd-t.wav,0.90075064
/home/stuart/coqui/falsekw2.aug/m6GwYhPPBUUsPTM9dpwPmyKuQbt6odwRESikahZkrXVh34-cbn-2-pit.wav,0.90086013
/home/stuart/coqui/falsekw2.aug/6MafqArz3nMFHLkkTZXfg4Lr4im2PknbLRk945xEyxqp33823-cbn-2-pit-t-b.wav,0.90140563
/home/stuart/coqui/falsekw2.aug/j9q22xwykZeFqTgu3XqNVkULsUwvDximKqefkiHb489M21576-cbn-1-spd.wav,0.9014264
